site_code,site_name,collection_year,elevation,latitude,longitude,Aridity,Light,plot,block,treatment_name,N,P,Kµ,Rootsgperm2,rootmassfraction
bldr.us,Boulder South Campus,2011,1633,39.972022,-105.233544,0.366,0.730525563,4,1,NK,1,0,1,160.2461059,0.514027611
bldr.us,Boulder South Campus,2011,1633,39.972022,-105.233544,0.366,0.730525563,18,2,NK,1,0,1,101.6887675,0.464993098
bldr.us,Boulder South Campus,2011,1633,39.972022,-105.233544,0.366,0.730525563,16,2,PK,0,1,1,30.27664872,0.116999153
bldr.us,Boulder South Campus,2011,1633,39.972022,-105.233544,0.366,0.730525563,7,1,NPK,1,1,1,77.71803586,0.345079094
bldr.us,Boulder South Campus,2011,1633,39.972022,-105.233544,0.366,0.730525563,6,1,K,0,0,1,135.1058271,0.696042098
bldr.us,Boulder South Campus,2011,1633,39.972022,-105.233544,0.366,0.730525563,8,1,NP,1,1,0,143.5941742,0.28857688
bldr.us,Boulder South Campus,2011,1633,39.972022,-105.233544,0.366,0.730525563,20,2,NP,1,1,0,106.2564717,0.251937976
bldr.us,Boulder South Campus,2011,1633,39.972022,-105.233544,0.366,0.730525563,3,1,N,1,0,0,68.81195614,0.355044949
bldr.us,Boulder South Campus,2011,1633,39.972022,-105.233544,0.366,0.730525563,17,2,NPK,1,1,1,87.84211385,0.394189915
bldr.us,Boulder South Campus,2011,1633,39.972022,-105.233544,0.366,0.730525563,11,2,N,1,0,0,393.2899261,0.70953829
bldr.us,Boulder South Campus,2011,1633,39.972022,-105.233544,0.366,0.730525563,5,1,PK,0,1,1,325.4400138,0.847632448
bldr.us,Boulder South Campus,2011,1633,39.972022,-105.233544,0.366,0.730525563,1,1,P,0,1,0,192.6562994,0.768607451
bldr.us,Boulder South Campus,2011,1633,39.972022,-105.233544,0.366,0.730525563,13,2,K,0,0,1,194.329691,0.538563471
bldr.us,Boulder South Campus,2011,1633,39.972022,-105.233544,0.366,0.730525563,10,1,Control,0,0,0,28.74761462,0.171886545
bldr.us,Boulder South Campus,2011,1633,39.972022,-105.233544,0.366,0.730525563,12,2,Control,0,0,0,146.1258574,0.737540568
bldr.us,Boulder South Campus,2011,1633,39.972022,-105.233544,0.366,0.730525563,14,2,P,0,1,0,121.2523625,0.41067364
bnch.us,Bunchgrass (Andrews LTER),2011,1318.083,44.27668543,-121.9680169,1.7054,0.371309525,27,3,P,0,1,0,1347.354566,0.851352634
bnch.us,Bunchgrass (Andrews LTER),2011,1318.083,44.27668543,-121.9680169,1.7054,0.371309525,2,1,K,0,0,1,2562.577878,0.923625268
bnch.us,Bunchgrass (Andrews LTER),2011,1318.083,44.27668543,-121.9680169,1.7054,0.371309525,30,3,K,0,0,1,1460.925457,0.881017386
bnch.us,Bunchgrass (Andrews LTER),2011,1318.083,44.27668543,-121.9680169,1.7054,0.371309525,17,2,NPK,1,1,1,1728.920279,0.908442242
bnch.us,Bunchgrass (Andrews LTER),2011,1318.083,44.27668543,-121.9680169,1.7054,0.371309525,6,1,NP,1,1,0,1129.547107,0.857213016
bnch.us,Bunchgrass (Andrews LTER),2011,1318.083,44.27668543,-121.9680169,1.7054,0.371309525,15,2,N,1,0,0,1166.911509,0.845550362
bnch.us,Bunchgrass (Andrews LTER),2011,1318.083,44.27668543,-121.9680169,1.7054,0.371309525,12,2,P,0,1,0,941.3241362,0.864016965
bnch.us,Bunchgrass (Andrews LTER),2011,1318.083,44.27668543,-121.9680169,1.7054,0.371309525,25,3,Control,0,0,0,1315.256268,0.903517624
bnch.us,Bunchgrass (Andrews LTER),2011,1318.083,44.27668543,-121.9680169,1.7054,0.371309525,3,1,PK,0,1,1,1164.86854,0.809291369
bnch.us,Bunchgrass (Andrews LTER),2011,1318.083,44.27668543,-121.9680169,1.7054,0.371309525,14,2,K,0,0,1,301.7658308,0.727557114
bnch.us,Bunchgrass (Andrews LTER),2011,1318.083,44.27668543,-121.9680169,1.7054,0.371309525,16,2,NP,1,1,0,470.8129655,0.816090117
bnch.us,Bunchgrass (Andrews LTER),2011,1318.083,44.27668543,-121.9680169,1.7054,0.371309525,18,2,NK,1,0,1,1047.014278,0.799788299
bnch.us,Bunchgrass (Andrews LTER),2011,1318.083,44.27668543,-121.9680169,1.7054,0.371309525,24,3,NPK,1,1,1,1196.807342,0.762925832
bnch.us,Bunchgrass (Andrews LTER),2011,1318.083,44.27668543,-121.9680169,1.7054,0.371309525,11,2,PK,0,1,1,656.1811696,0.791694615
bnch.us,Bunchgrass (Andrews LTER),2011,1318.083,44.27668543,-121.9680169,1.7054,0.371309525,8,1,P,0,1,0,439.2572944,0.794593883
bnch.us,Bunchgrass (Andrews LTER),2011,1318.083,44.27668543,-121.9680169,1.7054,0.371309525,29,3,NK,1,0,1,2171.131475,0.886798149
bnch.us,Bunchgrass (Andrews LTER),2011,1318.083,44.27668543,-121.9680169,1.7054,0.371309525,22,3,NP,1,1,0,1207.840535,0.85806035
bnch.us,Bunchgrass (Andrews LTER),2011,1318.083,44.27668543,-121.9680169,1.7054,0.371309525,23,3,PK,0,1,1,1944.510993,0.874503103
bnch.us,Bunchgrass (Andrews LTER),2011,1318.083,44.27668543,-121.9680169,1.7054,0.371309525,5,1,NPK,1,1,1,878.666072,0.796639257
bnch.us,Bunchgrass (Andrews LTER),2011,1318.083,44.27668543,-121.9680169,1.7054,0.371309525,4,1,N,1,0,0,1303.142492,0.929493203
bnch.us,Bunchgrass (Andrews LTER),2011,1318.083,44.27668543,-121.9680169,1.7054,0.371309525,21,3,N,1,0,0,990.6862585,0.837197586
bnch.us,Bunchgrass (Andrews LTER),2011,1318.083,44.27668543,-121.9680169,1.7054,0.371309525,1,1,NK,1,0,1,1081.146393,0.808003668
bnch.us,Bunchgrass (Andrews LTER),2011,1318.083,44.27668543,-121.9680169,1.7054,0.371309525,20,2,Control,0,0,0,1525.275709,0.889049226
bnch.us,Bunchgrass (Andrews LTER),2011,1318.083,44.27668543,-121.9680169,1.7054,0.371309525,7,1,Control,0,0,0,950.2711526,0.907855115
bogong.au,Bogong,2012,1760,-36.874,147.254,1.9159,0.741290293,5,1,NPK,1,1,1,625.163114,0.42356283
bogong.au,Bogong,2012,1760,-36.874,147.254,1.9159,0.741290293,30,3,NK,1,0,1,453.9554391,0.285236499
bogong.au,Bogong,2012,1760,-36.874,147.254,1.9159,0.741290293,8,1,NP,1,1,0,416.9729979,0.266816101
bogong.au,Bogong,2012,1760,-36.874,147.254,1.9159,0.741290293,6,1,NK,1,0,1,314.9748585,0.381129458
bogong.au,Bogong,2012,1760,-36.874,147.254,1.9159,0.741290293,1,1,N,1,0,0,753.3460459,0.431384174
bogong.au,Bogong,2012,1760,-36.874,147.254,1.9159,0.741290293,23,3,NPK,1,1,1,324.3761197,0.301836166
bogong.au,Bogong,2012,1760,-36.874,147.254,1.9159,0.741290293,21,3,Control,0,0,0,393.6178903,0.402526654
bogong.au,Bogong,2012,1760,-36.874,147.254,1.9159,0.741290293,11,2,Control,0,0,0,376.6698079,0.344850517
bogong.au,Bogong,2012,1760,-36.874,147.254,1.9159,0.741290293,7,1,K,0,0,1,352.6673595,0.22926272
bogong.au,Bogong,2012,1760,-36.874,147.254,1.9159,0.741290293,19,2,N,1,0,0,629.8594416,0.437141489
bogong.au,Bogong,2012,1760,-36.874,147.254,1.9159,0.741290293,13,2,P,0,1,0,529.0532427,0.436331404
bogong.au,Bogong,2012,1760,-36.874,147.254,1.9159,0.741290293,2,1,PK,0,1,1,543.8218924,0.475567539
bogong.au,Bogong,2012,1760,-36.874,147.254,1.9159,0.741290293,25,3,NP,1,1,0,851.5639049,0.507483223
bogong.au,Bogong,2012,1760,-36.874,147.254,1.9159,0.741290293,29,3,PK,0,1,1,368.4624432,0.456293208
bogong.au,Bogong,2012,1760,-36.874,147.254,1.9159,0.741290293,14,2,NP,1,1,0,541.5274124,0.365828329
bogong.au,Bogong,2012,1760,-36.874,147.254,1.9159,0.741290293,22,3,N,1,0,0,1075.110355,0.504613893
bogong.au,Bogong,2012,1760,-36.874,147.254,1.9159,0.741290293,20,2,K,0,0,1,407.7258251,0.435778721
bogong.au,Bogong,2012,1760,-36.874,147.254,1.9159,0.741290293,12,2,PK,0,1,1,268.7109839,0.286606406
bogong.au,Bogong,2012,1760,-36.874,147.254,1.9159,0.741290293,18,2,NK,1,0,1,428.646964,0.329083692
bogong.au,Bogong,2012,1760,-36.874,147.254,1.9159,0.741290293,10,1,P,0,1,0,415.5734275,0.357429195
bogong.au,Bogong,2012,1760,-36.874,147.254,1.9159,0.741290293,15,2,NPK,1,1,1,292.0115678,0.249228596
bogong.au,Bogong,2012,1760,-36.874,147.254,1.9159,0.741290293,3,1,Control,0,0,0,245.6226847,0.3691228
bogong.au,Bogong,2012,1760,-36.874,147.254,1.9159,0.741290293,27,3,P,0,1,0,257.5202984,0.315406818
bogong.au,Bogong,2012,1760,-36.874,147.254,1.9159,0.741290293,24,3,K,0,0,1,543.6811746,0.436172792
burrawan.au,Burrawan,2012,425,-27.734896,151.139517,0.432,0.676422857,29,3,K,0,0,1,210.7363647,0.660333287
burrawan.au,Burrawan,2012,425,-27.734896,151.139517,0.432,0.676422857,15,2,P,0,1,0,24.03563753,0.152863803
burrawan.au,Burrawan,2012,425,-27.734896,151.139517,0.432,0.676422857,25,3,NP,1,1,0,42.83753166,0.456750816
burrawan.au,Burrawan,2012,425,-27.734896,151.139517,0.432,0.676422857,6,1,NP,1,1,0,571.6244731,0.747637403
burrawan.au,Burrawan,2012,425,-27.734896,151.139517,0.432,0.676422857,28,3,NPK,1,1,1,98.81940347,0.435098904
burrawan.au,Burrawan,2012,425,-27.734896,151.139517,0.432,0.676422857,17,2,N,1,0,0,22.60152546,0.310240936
burrawan.au,Burrawan,2012,425,-27.734896,151.139517,0.432,0.676422857,24,3,Control,0,0,0,149.5854422,0.421206741
burrawan.au,Burrawan,2012,425,-27.734896,151.139517,0.432,0.676422857,13,2,K,0,0,1,22.62809501,0.108253845
burrawan.au,Burrawan,2012,425,-27.734896,151.139517,0.432,0.676422857,26,3,PK,0,1,1,316.4099014,0.578065548
burrawan.au,Burrawan,2012,425,-27.734896,151.139517,0.432,0.676422857,19,2,PK,0,1,1,23.72775459,0.176116307
burrawan.au,Burrawan,2012,425,-27.734896,151.139517,0.432,0.676422857,11,2,NP,1,1,0,20.6012784,0.343920513
burrawan.au,Burrawan,2012,425,-27.734896,151.139517,0.432,0.676422857,3,1,NPK,1,1,1,23.37138536,0.271534904
burrawan.au,Burrawan,2012,425,-27.734896,151.139517,0.432,0.676422857,4,1,N,1,0,0,23.88420519,0.151709123
burrawan.au,Burrawan,2012,425,-27.734896,151.139517,0.432,0.676422857,1,1,Control,0,0,0,187.2528987,0.443359114
burrawan.au,Burrawan,2012,425,-27.734896,151.139517,0.432,0.676422857,18,2,NK,1,0,1,250.0931335,0.783885021
burrawan.au,Burrawan,2012,425,-27.734896,151.139517,0.432,0.676422857,22,3,NK,1,0,1,88.77941981,0.404315759
burrawan.au,Burrawan,2012,425,-27.734896,151.139517,0.432,0.676422857,10,1,K,0,0,1,37.40760562,0.147066983
burrawan.au,Burrawan,2012,425,-27.734896,151.139517,0.432,0.676422857,2,1,NK,1,0,1,227.7903392,0.667927846
burrawan.au,Burrawan,2012,425,-27.734896,151.139517,0.432,0.676422857,20,2,Control,0,0,0,72.19319582,0.421459799
burrawan.au,Burrawan,2012,425,-27.734896,151.139517,0.432,0.676422857,8,1,P,0,1,0,104.3894215,0.516806379
burrawan.au,Burrawan,2012,425,-27.734896,151.139517,0.432,0.676422857,16,2,NPK,1,1,1,22.85752647,0.253810285
burrawan.au,Burrawan,2012,425,-27.734896,151.139517,0.432,0.676422857,21,3,N,1,0,0,30.16662162,0.218730863
burrawan.au,Burrawan,2012,425,-27.734896,151.139517,0.432,0.676422857,9,1,PK,0,1,1,355.0763054,0.640612456
burrawan.au,Burrawan,2012,425,-27.734896,151.139517,0.432,0.676422857,23,3,P,0,1,0,25.98639456,0.142950162
cbgb.us,Chichaqua Bottoms,2011,275,41.78506667,-93.38538333,0.849,0.118858757,46,4,Control,0,0,0,102.7056287,0.284972321
cbgb.us,Chichaqua Bottoms,2011,275,41.78506667,-93.38538333,0.849,0.118858757,57,6,NK,1,0,1,218.4372541,0.298070619
cbgb.us,Chichaqua Bottoms,2011,275,41.78506667,-93.38538333,0.849,0.118858757,1,1,Control,0,0,0,160.5602846,0.382095085
cbgb.us,Chichaqua Bottoms,2011,275,41.78506667,-93.38538333,0.849,0.118858757,21,2,NP,1,1,0,167.9139861,0.250930997
cbgb.us,Chichaqua Bottoms,2011,275,41.78506667,-93.38538333,0.849,0.118858757,12,1,PK,0,1,1,172.3866766,0.521299129
cbgb.us,Chichaqua Bottoms,2011,275,41.78506667,-93.38538333,0.849,0.118858757,6,1,NK,1,0,1,137.6277727,0.404100866
cbgb.us,Chichaqua Bottoms,2011,275,41.78506667,-93.38538333,0.849,0.118858757,64,6,P,0,1,0,173.3708656,0.392312016
cbgb.us,Chichaqua Bottoms,2011,275,41.78506667,-93.38538333,0.849,0.118858757,28,3,NPK,1,1,1,233.155437,0.428236034
cbgb.us,Chichaqua Bottoms,2011,275,41.78506667,-93.38538333,0.849,0.118858757,66,6,N,1,0,0,96.87707641,0.15594471
cbgb.us,Chichaqua Bottoms,2011,275,41.78506667,-93.38538333,0.849,0.118858757,22,2,K,0,0,1,125.8649028,0.276586707
cbgb.us,Chichaqua Bottoms,2011,275,41.78506667,-93.38538333,0.849,0.118858757,9,1,P,0,1,0,198.5735018,0.512350563
cbgb.us,Chichaqua Bottoms,2011,275,41.78506667,-93.38538333,0.849,0.118858757,16,2,N,1,0,0,38.76371836,0.350442232
cbgb.us,Chichaqua Bottoms,2011,275,41.78506667,-93.38538333,0.849,0.118858757,10,1,K,0,0,1,175.3626924,0.360485388
cbgb.us,Chichaqua Bottoms,2011,275,41.78506667,-93.38538333,0.849,0.118858757,51,5,NP,1,1,0,71.45023763,0.20143837
cbgb.us,Chichaqua Bottoms,2011,275,41.78506667,-93.38538333,0.849,0.118858757,62,6,Control,0,0,0,142.069776,0.255811141
cbgb.us,Chichaqua Bottoms,2011,275,41.78506667,-93.38538333,0.849,0.118858757,13,2,P,0,1,0,135.3165373,0.407866744
cbgb.us,Chichaqua Bottoms,2011,275,41.78506667,-93.38538333,0.849,0.118858757,58,6,PK,0,1,1,408.1249449,0.447763207
cbgb.us,Chichaqua Bottoms,2011,275,41.78506667,-93.38538333,0.849,0.118858757,25,3,NP,1,1,0,203.731136,0.287276587
cbgb.us,Chichaqua Bottoms,2011,275,41.78506667,-93.38538333,0.849,0.118858757,33,3,Control,0,0,0,88.00500616,0.175955464
cbgb.us,Chichaqua Bottoms,2011,275,41.78506667,-93.38538333,0.849,0.118858757,30,3,NK,1,0,1,72.69901916,0.0919718
cbgb.us,Chichaqua Bottoms,2011,275,41.78506667,-93.38538333,0.849,0.118858757,32,3,P,0,1,0,257.6213934,0.553582358
cbgb.us,Chichaqua Bottoms,2011,275,41.78506667,-93.38538333,0.849,0.118858757,50,5,NK,1,0,1,90.17951282,0.110186047
cbgb.us,Chichaqua Bottoms,2011,275,41.78506667,-93.38538333,0.849,0.118858757,3,1,NP,1,1,0,194.2661304,0.563962936
cbgb.us,Chichaqua Bottoms,2011,275,41.78506667,-93.38538333,0.849,0.118858757,45,4,N,1,0,0,159.0989903,0.162172319
cbgb.us,Chichaqua Bottoms,2011,275,41.78506667,-93.38538333,0.849,0.118858757,37,4,NK,1,0,1,73.08831294,0.181998107
cbgb.us,Chichaqua Bottoms,2011,275,41.78506667,-93.38538333,0.849,0.118858757,55,5,P,0,1,0,108.148688,0.258791643
cbgb.us,Chichaqua Bottoms,2011,275,41.78506667,-93.38538333,0.849,0.118858757,4,1,NPK,1,1,1,311.699742,0.519499793
cbgb.us,Chichaqua Bottoms,2011,275,41.78506667,-93.38538333,0.849,0.118858757,38,4,NPK,1,1,1,238.6049684,0.473370929
cbgb.us,Chichaqua Bottoms,2011,275,41.78506667,-93.38538333,0.849,0.118858757,20,2,PK,0,1,1,327.4893652,0.513838283
cbgb.us,Chichaqua Bottoms,2011,275,41.78506667,-93.38538333,0.849,0.118858757,24,2,Control,0,0,0,72.23113558,0.369126719
cbgb.us,Chichaqua Bottoms,2011,275,41.78506667,-93.38538333,0.849,0.118858757,40,4,PK,0,1,1,67.22443004,0.115789512
cbgb.us,Chichaqua Bottoms,2011,275,41.78506667,-93.38538333,0.849,0.118858757,35,3,K,0,0,1,289.6911007,0.674655577
cbgb.us,Chichaqua Bottoms,2011,275,41.78506667,-93.38538333,0.849,0.118858757,14,2,NK,1,0,1,89.63976092,0.236429333
cbgb.us,Chichaqua Bottoms,2011,275,41.78506667,-93.38538333,0.849,0.118858757,49,5,Control,0,0,0,76.05302579,0.15796562
cbgb.us,Chichaqua Bottoms,2011,275,41.78506667,-93.38538333,0.849,0.118858757,56,5,N,1,0,0,88.4425246,0.280109639
cbgb.us,Chichaqua Bottoms,2011,275,41.78506667,-93.38538333,0.849,0.118858757,29,3,N,1,0,0,121.6161854,0.22069252
cbgb.us,Chichaqua Bottoms,2011,275,41.78506667,-93.38538333,0.849,0.118858757,44,4,P,0,1,0,101.2738395,0.352350173
cbgb.us,Chichaqua Bottoms,2011,275,41.78506667,-93.38538333,0.849,0.118858757,39,4,K,0,0,1,141.7991133,0.493593536
cbgb.us,Chichaqua Bottoms,2011,275,41.78506667,-93.38538333,0.849,0.118858757,59,6,K,0,0,1,182.8227547,0.810841891
cbgb.us,Chichaqua Bottoms,2011,275,41.78506667,-93.38538333,0.849,0.118858757,52,5,PK,0,1,1,93.57294833,0.228297449
cbgb.us,Chichaqua Bottoms,2011,275,41.78506667,-93.38538333,0.849,0.118858757,11,1,N,1,0,0,110.2360998,0.531421965
cbgb.us,Chichaqua Bottoms,2011,275,41.78506667,-93.38538333,0.849,0.118858757,27,3,PK,0,1,1,187.7452228,0.270158304
cbgb.us,Chichaqua Bottoms,2011,275,41.78506667,-93.38538333,0.849,0.118858757,60,6,NP,1,1,0,106.7858227,0.137755129
cbgb.us,Chichaqua Bottoms,2011,275,41.78506667,-93.38538333,0.849,0.118858757,61,6,NPK,1,1,1,238.7995889,0.418543092
cbgb.us,Chichaqua Bottoms,2011,275,41.78506667,-93.38538333,0.849,0.118858757,19,2,NPK,1,1,1,109.7513117,0.132031445
cbgb.us,Chichaqua Bottoms,2011,275,41.78506667,-93.38538333,0.849,0.118858757,54,5,K,0,0,1,134.1452263,0.298236216
cbgb.us,Chichaqua Bottoms,2011,275,41.78506667,-93.38538333,0.849,0.118858757,41,4,NP,1,1,0,197.2448515,0.425330547
cdcr.us,Cedar Creek LTER,2012,270,45.401,-93.201,0.8351,0.33175591,3,1,NPK,1,1,1,453.5102455,0.607507061
cdcr.us,Cedar Creek LTER,2012,270,45.401,-93.201,0.8351,0.33175591,8,1,P,0,1,0,257.2806386,0.65419096
cdcr.us,Cedar Creek LTER,2012,270,45.401,-93.201,0.8351,0.33175591,4,1,K,0,0,1,1660.336702,0.894174862
cdcr.us,Cedar Creek LTER,2012,270,45.401,-93.201,0.8351,0.33175591,31,3,P,0,1,0,1170.168785,0.853721043
cdcr.us,Cedar Creek LTER,2012,270,45.401,-93.201,0.8351,0.33175591,28,3,PK,0,1,1,80.60369508,0.456410015
cdcr.us,Cedar Creek LTER,2012,270,45.401,-93.201,0.8351,0.33175591,33,3,NPK,1,1,1,36.48307038,0.070094634
cdcr.us,Cedar Creek LTER,2012,270,45.401,-93.201,0.8351,0.33175591,14,2,NK,1,0,1,1700.82906,0.939513759
cdcr.us,Cedar Creek LTER,2012,270,45.401,-93.201,0.8351,0.33175591,15,2,PK,0,1,1,1640.228429,0.832929489
cdcr.us,Cedar Creek LTER,2012,270,45.401,-93.201,0.8351,0.33175591,11,1,Control,0,0,0,219.1325664,0.62496353
cdcr.us,Cedar Creek LTER,2012,270,45.401,-93.201,0.8351,0.33175591,32,3,N,1,0,0,205.3884712,0.388339853
cdcr.us,Cedar Creek LTER,2012,270,45.401,-93.201,0.8351,0.33175591,30,3,K,0,0,1,280.8948657,0.723219822
cdcr.us,Cedar Creek LTER,2012,270,45.401,-93.201,0.8351,0.33175591,24,2,N,1,0,0,122.0955238,0.375568148
cdcr.us,Cedar Creek LTER,2012,270,45.401,-93.201,0.8351,0.33175591,2,1,NP,1,1,0,586.651516,0.806225924
cdcr.us,Cedar Creek LTER,2012,270,45.401,-93.201,0.8351,0.33175591,25,3,NK,1,0,1,153.5706635,0.417799021
cdcr.us,Cedar Creek LTER,2012,270,45.401,-93.201,0.8351,0.33175591,19,2,P,0,1,0,340.6260132,0.509061083
cdcr.us,Cedar Creek LTER,2012,270,45.401,-93.201,0.8351,0.33175591,13,2,Control,0,0,0,124.8350882,0.57438994
cdcr.us,Cedar Creek LTER,2012,270,45.401,-93.201,0.8351,0.33175591,12,1,NK,1,0,1,79.00612337,0.265561335
cdcr.us,Cedar Creek LTER,2012,270,45.401,-93.201,0.8351,0.33175591,26,3,Control,0,0,0,73.00509084,0.172179751
cdcr.us,Cedar Creek LTER,2012,270,45.401,-93.201,0.8351,0.33175591,7,1,N,1,0,0,84.76723724,0.309632512
cdcr.us,Cedar Creek LTER,2012,270,45.401,-93.201,0.8351,0.33175591,6,1,PK,0,1,1,80.68459658,0.252388127
cdcr.us,Cedar Creek LTER,2012,270,45.401,-93.201,0.8351,0.33175591,18,2,NPK,1,1,1,83.09087608,0.156748361
cdcr.us,Cedar Creek LTER,2012,270,45.401,-93.201,0.8351,0.33175591,16,2,NP,1,1,0,517.9567078,0.719427574
cdcr.us,Cedar Creek LTER,2012,270,45.401,-93.201,0.8351,0.33175591,35,3,NP,1,1,0,1341.13739,0.835528098
cdcr.us,Cedar Creek LTER,2012,270,45.401,-93.201,0.8351,0.33175591,22,2,K,0,0,1,167.208214,0.47339843
cdpt.us,Cedar Point Biological Station,2011,965,41.2,-101.63,0.4028,0.805604993,23,3,NPK,1,1,1,533.0614093,0.59110076
cdpt.us,Cedar Point Biological Station,2011,965,41.2,-101.63,0.4028,0.805604993,11,2,NP,1,1,0,814.4610463,0.793078812
cdpt.us,Cedar Point Biological Station,2011,965,41.2,-101.63,0.4028,0.805604993,21,3,N,1,0,0,933.4230859,0.627913146
cdpt.us,Cedar Point Biological Station,2011,965,41.2,-101.63,0.4028,0.805604993,4,1,K,0,0,1,241.5972343,0.426871178
cdpt.us,Cedar Point Biological Station,2011,965,41.2,-101.63,0.4028,0.805604993,14,2,PK,0,1,1,611.589593,0.791994348
cdpt.us,Cedar Point Biological Station,2011,965,41.2,-101.63,0.4028,0.805604993,27,3,PK,0,1,1,411.2305497,0.458205529
cdpt.us,Cedar Point Biological Station,2011,965,41.2,-101.63,0.4028,0.805604993,18,2,N,1,0,0,1194.38186,0.660789669
cdpt.us,Cedar Point Biological Station,2011,965,41.2,-101.63,0.4028,0.805604993,3,1,NK,1,0,1,1414.798555,0.758178854
cdpt.us,Cedar Point Biological Station,2011,965,41.2,-101.63,0.4028,0.805604993,24,3,K,0,0,1,1173.419554,0.733538718
cdpt.us,Cedar Point Biological Station,2011,965,41.2,-101.63,0.4028,0.805604993,6,1,NP,1,1,0,866.0223237,0.760237333
cdpt.us,Cedar Point Biological Station,2011,965,41.2,-101.63,0.4028,0.805604993,16,2,NK,1,0,1,129.3221415,0.37833167
cdpt.us,Cedar Point Biological Station,2011,965,41.2,-101.63,0.4028,0.805604993,19,2,P,0,1,0,840.4868372,0.799616946
cdpt.us,Cedar Point Biological Station,2011,965,41.2,-101.63,0.4028,0.805604993,9,1,P,0,1,0,1153.711136,0.815726267
cdpt.us,Cedar Point Biological Station,2011,965,41.2,-101.63,0.4028,0.805604993,30,3,P,0,1,0,1046.071769,0.743306749
cdpt.us,Cedar Point Biological Station,2011,965,41.2,-101.63,0.4028,0.805604993,17,2,NPK,1,1,1,439.1927872,0.597689379
cdpt.us,Cedar Point Biological Station,2011,965,41.2,-101.63,0.4028,0.805604993,5,1,N,1,0,0,1287.426533,0.74959811
cdpt.us,Cedar Point Biological Station,2011,965,41.2,-101.63,0.4028,0.805604993,29,3,NK,1,0,1,919.9542433,0.596180817
cdpt.us,Cedar Point Biological Station,2011,965,41.2,-101.63,0.4028,0.805604993,15,2,K,0,0,1,242.706365,0.467625324
cdpt.us,Cedar Point Biological Station,2011,965,41.2,-101.63,0.4028,0.805604993,10,1,NPK,1,1,1,571.2882617,0.618419053
cdpt.us,Cedar Point Biological Station,2011,965,41.2,-101.63,0.4028,0.805604993,25,3,NP,1,1,0,1303.8599,0.589119528
cdpt.us,Cedar Point Biological Station,2011,965,41.2,-101.63,0.4028,0.805604993,12,2,Control,0,0,0,643.3803396,0.687919451
cdpt.us,Cedar Point Biological Station,2011,965,41.2,-101.63,0.4028,0.805604993,2,1,Control,0,0,0,865.4564151,0.876006676
cdpt.us,Cedar Point Biological Station,2011,965,41.2,-101.63,0.4028,0.805604993,7,1,PK,0,1,1,1129.232742,0.888821788
cdpt.us,Cedar Point Biological Station,2011,965,41.2,-101.63,0.4028,0.805604993,26,3,Control,0,0,0,1371.771475,0.811748823
cowi.ca,Cowichan,2011,50,48.46,-123.38,1.0491,0.074019107,11,2,P,0,1,0,3489.992019,0.714372973
cowi.ca,Cowichan,2011,50,48.46,-123.38,1.0491,0.074019107,22,3,NK,1,0,1,1065.538187,0.489939065
cowi.ca,Cowichan,2011,50,48.46,-123.38,1.0491,0.074019107,27,3,PK,0,1,1,1832.093815,0.574883859
cowi.ca,Cowichan,2011,50,48.46,-123.38,1.0491,0.074019107,16,2,NP,1,1,0,2078.359606,0.630999179
cowi.ca,Cowichan,2011,50,48.46,-123.38,1.0491,0.074019107,7,1,PK,0,1,1,1066.409855,0.545587065
cowi.ca,Cowichan,2011,50,48.46,-123.38,1.0491,0.074019107,20,2,N,1,0,0,1005.31354,0.560402448
cowi.ca,Cowichan,2011,50,48.46,-123.38,1.0491,0.074019107,30,3,P,0,1,0,1333.936224,0.556192335
cowi.ca,Cowichan,2011,50,48.46,-123.38,1.0491,0.074019107,5,1,P,0,1,0,1394.49582,0.578918233
cowi.ca,Cowichan,2011,50,48.46,-123.38,1.0491,0.074019107,21,3,N,1,0,0,1500.951078,0.576147422
cowi.ca,Cowichan,2011,50,48.46,-123.38,1.0491,0.074019107,4,1,K,0,0,1,1590.488942,0.631525085
cowi.ca,Cowichan,2011,50,48.46,-123.38,1.0491,0.074019107,2,1,N,1,0,0,925.9627688,0.431309715
cowi.ca,Cowichan,2011,50,48.46,-123.38,1.0491,0.074019107,10,2,Control,0,0,0,1240.453383,0.681173542
cowi.ca,Cowichan,2011,50,48.46,-123.38,1.0491,0.074019107,25,3,Control,0,0,0,2086.358372,0.70428966
cowi.ca,Cowichan,2011,50,48.46,-123.38,1.0491,0.074019107,13,2,NK,1,0,1,2249.953108,0.651055771
cowi.ca,Cowichan,2011,50,48.46,-123.38,1.0491,0.074019107,15,2,PK,0,1,1,1987.906101,0.751796957
cowi.ca,Cowichan,2011,50,48.46,-123.38,1.0491,0.074019107,19,2,NPK,1,1,1,1590.339489,0.549978479
cowi.ca,Cowichan,2011,50,48.46,-123.38,1.0491,0.074019107,3,1,Control,0,0,0,1698.736041,0.674814968
cowi.ca,Cowichan,2011,50,48.46,-123.38,1.0491,0.074019107,12,1,NK,1,0,1,805.6037986,0.494841474
cowi.ca,Cowichan,2011,50,48.46,-123.38,1.0491,0.074019107,9,1,NP,1,1,0,2104.252003,0.697337445
cowi.ca,Cowichan,2011,50,48.46,-123.38,1.0491,0.074019107,29,3,K,0,0,1,1449.278248,0.627888357
cowi.ca,Cowichan,2011,50,48.46,-123.38,1.0491,0.074019107,14,2,K,0,0,1,3165.961218,0.836988759
cowi.ca,Cowichan,2011,50,48.46,-123.38,1.0491,0.074019107,24,3,NP,1,1,0,2649.147393,0.678999158
cowi.ca,Cowichan,2011,50,48.46,-123.38,1.0491,0.074019107,26,3,NPK,1,1,1,799.2192013,0.371622833
cowi.ca,Cowichan,2011,50,48.46,-123.38,1.0491,0.074019107,1,1,NPK,1,1,1,1780.563626,0.600170371
elliot.us,Elliott Chaparral,2011,200,32.875,-117.052243,0.2565,0.525715301,12,2,N,1,0,0,72.27722772,0.169039002
elliot.us,Elliott Chaparral,2011,200,32.875,-117.052243,0.2565,0.525715301,29,3,Control,0,0,0,48.51485149,0.094054778
elliot.us,Elliott Chaparral,2011,200,32.875,-117.052243,0.2565,0.525715301,6,1,Control,0,0,0,131.6831683,0.374436937
elliot.us,Elliott Chaparral,2011,200,32.875,-117.052243,0.2565,0.525715301,20,2,K,0,0,1,46.53465347,0.234508704
elliot.us,Elliott Chaparral,2011,200,32.875,-117.052243,0.2565,0.525715301,1,1,P,0,1,0,63.36633663,0.201857404
elliot.us,Elliott Chaparral,2011,200,32.875,-117.052243,0.2565,0.525715301,2,1,PK,0,1,1,94.05940594,0.298924501
elliot.us,Elliott Chaparral,2011,200,32.875,-117.052243,0.2565,0.525715301,23,3,P,0,1,0,61.38613861,0.251958264
elliot.us,Elliott Chaparral,2011,200,32.875,-117.052243,0.2565,0.525715301,3,1,N,1,0,0,213.8613861,0.577283879
elliot.us,Elliott Chaparral,2011,200,32.875,-117.052243,0.2565,0.525715301,27,3,NP,1,1,0,73.26732673,0.163409157
elliot.us,Elliott Chaparral,2011,200,32.875,-117.052243,0.2565,0.525715301,5,1,NK,1,0,1,104.950495,0.310320347
elliot.us,Elliott Chaparral,2011,200,32.875,-117.052243,0.2565,0.525715301,28,3,NPK,1,1,1,106.9306931,0.339429444
elliot.us,Elliott Chaparral,2011,200,32.875,-117.052243,0.2565,0.525715301,16,2,Control,0,0,0,204.950495,0.451382605
elliot.us,Elliott Chaparral,2011,200,32.875,-117.052243,0.2565,0.525715301,22,3,K,0,0,1,73.26732673,0.230279229
elliot.us,Elliott Chaparral,2011,200,32.875,-117.052243,0.2565,0.525715301,24,3,N,1,0,0,126.7326733,0.164452764
elliot.us,Elliott Chaparral,2011,200,32.875,-117.052243,0.2565,0.525715301,8,1,NP,1,1,0,73.26732673,0.139778508
elliot.us,Elliott Chaparral,2011,200,32.875,-117.052243,0.2565,0.525715301,11,2,NP,1,1,0,57.42574257,0.108889617
elliot.us,Elliott Chaparral,2011,200,32.875,-117.052243,0.2565,0.525715301,25,3,PK,0,1,1,73.26732673,0.137148915
elliot.us,Elliott Chaparral,2011,200,32.875,-117.052243,0.2565,0.525715301,26,3,NK,1,0,1,114.8514851,0.182651422
elliot.us,Elliott Chaparral,2011,200,32.875,-117.052243,0.2565,0.525715301,17,2,P,0,1,0,99.00990099,0.204879198
elliot.us,Elliott Chaparral,2011,200,32.875,-117.052243,0.2565,0.525715301,10,1,K,0,0,1,186.1386139,0.387919206
elliot.us,Elliott Chaparral,2011,200,32.875,-117.052243,0.2565,0.525715301,14,2,NK,1,0,1,193.0693069,0.301026733
elliot.us,Elliott Chaparral,2011,200,32.875,-117.052243,0.2565,0.525715301,9,1,NPK,1,1,1,100.990099,0.166227874
elliot.us,Elliott Chaparral,2011,200,32.875,-117.052243,0.2565,0.525715301,19,2,PK,0,1,1,85.14851485,0.230724448
elliot.us,Elliott Chaparral,2011,200,32.875,-117.052243,0.2565,0.525715301,18,2,NPK,1,1,1,211.8811881,0.472388975
frue.ch,Fruebuel,2011,995,47.113187,8.541821,1.9924,0.071396942,23,3,K,0,0,1,245.9594716,0.194976991
frue.ch,Fruebuel,2011,995,47.113187,8.541821,1.9924,0.071396942,27,3,Control,0,0,0,221.9471181,0.176791534
frue.ch,Fruebuel,2011,995,47.113187,8.541821,1.9924,0.071396942,12,2,NPK,1,1,1,261.5509174,0.169988276
frue.ch,Fruebuel,2011,995,47.113187,8.541821,1.9924,0.071396942,17,2,Control,0,0,0,352.5454962,0.216627733
frue.ch,Fruebuel,2011,995,47.113187,8.541821,1.9924,0.071396942,8,1,NPK,1,1,1,95.16742867,0.055348325
frue.ch,Fruebuel,2011,995,47.113187,8.541821,1.9924,0.071396942,4,1,NP,1,1,0,152.5238535,0.095676997
frue.ch,Fruebuel,2011,995,47.113187,8.541821,1.9924,0.071396942,1,1,N,1,0,0,175.8332969,0.113682629
frue.ch,Fruebuel,2011,995,47.113187,8.541821,1.9924,0.071396942,15,2,NP,1,1,0,296.0617761,0.153571616
frue.ch,Fruebuel,2011,995,47.113187,8.541821,1.9924,0.071396942,19,2,PK,0,1,1,385.9486137,0.278995916
frue.ch,Fruebuel,2011,995,47.113187,8.541821,1.9924,0.071396942,2,1,NK,1,0,1,90.84272195,0.058267896
frue.ch,Fruebuel,2011,995,47.113187,8.541821,1.9924,0.071396942,13,2,K,0,0,1,133.6219853,0.094425026
frue.ch,Fruebuel,2011,995,47.113187,8.541821,1.9924,0.071396942,7,1,K,0,0,1,344.4388304,0.241440567
frue.ch,Fruebuel,2011,995,47.113187,8.541821,1.9924,0.071396942,26,3,N,1,0,0,99.7169054,0.085897175
frue.ch,Fruebuel,2011,995,47.113187,8.541821,1.9924,0.071396942,29,3,NP,1,1,0,118.83186,0.098572962
frue.ch,Fruebuel,2011,995,47.113187,8.541821,1.9924,0.071396942,14,2,P,0,1,0,150.9234828,0.123272934
frue.ch,Fruebuel,2011,995,47.113187,8.541821,1.9924,0.071396942,10,1,Control,0,0,0,92.41502653,0.079469793
frue.ch,Fruebuel,2011,995,47.113187,8.541821,1.9924,0.071396942,18,2,NK,1,0,1,124.1637887,0.100930268
frue.ch,Fruebuel,2011,995,47.113187,8.541821,1.9924,0.071396942,6,1,P,0,1,0,169.7308592,0.138409952
frue.ch,Fruebuel,2011,995,47.113187,8.541821,1.9924,0.071396942,25,3,NPK,1,1,1,344.9433535,0.174994808
frue.ch,Fruebuel,2011,995,47.113187,8.541821,1.9924,0.071396942,21,3,NK,1,0,1,175.7774384,0.116033333
frue.ch,Fruebuel,2011,995,47.113187,8.541821,1.9924,0.071396942,28,3,P,0,1,0,538.711125,0.33687318
frue.ch,Fruebuel,2011,995,47.113187,8.541821,1.9924,0.071396942,24,3,PK,0,1,1,209.8396734,0.142192879
frue.ch,Fruebuel,2011,995,47.113187,8.541821,1.9924,0.071396942,3,1,PK,0,1,1,276.5548765,0.228893546
frue.ch,Fruebuel,2011,995,47.113187,8.541821,1.9924,0.071396942,11,2,N,1,0,0,487.7677841,0.255020939
gilb.za,Mt Gilboa,2012,1748,-29.28424,30.29174,0.7803,0.468628659,13,2,NP,1,1,0,651.3559426,0.542330692
gilb.za,Mt Gilboa,2012,1748,-29.28424,30.29174,0.7803,0.468628659,17,2,P,0,1,0,1676.058487,0.799919675
gilb.za,Mt Gilboa,2012,1748,-29.28424,30.29174,0.7803,0.468628659,10,1,P,0,1,0,541.16705,0.648343362
gilb.za,Mt Gilboa,2012,1748,-29.28424,30.29174,0.7803,0.468628659,1,1,NPK,1,1,1,299.3270421,0.461424541
gilb.za,Mt Gilboa,2012,1748,-29.28424,30.29174,0.7803,0.468628659,7,1,NK,1,0,1,280.089721,0.492106609
gilb.za,Mt Gilboa,2012,1748,-29.28424,30.29174,0.7803,0.468628659,24,3,NP,1,1,0,969.6217806,0.639614657
gilb.za,Mt Gilboa,2012,1748,-29.28424,30.29174,0.7803,0.468628659,29,3,NK,1,0,1,916.7140888,0.723966032
gilb.za,Mt Gilboa,2012,1748,-29.28424,30.29174,0.7803,0.468628659,11,2,NPK,1,1,1,1219.204542,0.739088982
gilb.za,Mt Gilboa,2012,1748,-29.28424,30.29174,0.7803,0.468628659,16,2,N,1,0,0,942.3273076,0.674631838
gilb.za,Mt Gilboa,2012,1748,-29.28424,30.29174,0.7803,0.468628659,2,1,NP,1,1,0,336.4093045,0.423005085
gilb.za,Mt Gilboa,2012,1748,-29.28424,30.29174,0.7803,0.468628659,9,1,K,0,0,1,226.2345724,0.544934014
gilb.za,Mt Gilboa,2012,1748,-29.28424,30.29174,0.7803,0.468628659,20,2,NK,1,0,1,1850.258476,0.864330713
gilb.za,Mt Gilboa,2012,1748,-29.28424,30.29174,0.7803,0.468628659,3,1,N,1,0,0,376.8541118,0.498432116
gilb.za,Mt Gilboa,2012,1748,-29.28424,30.29174,0.7803,0.468628659,6,1,Control,0,0,0,978.4800371,0.847091828
gilb.za,Mt Gilboa,2012,1748,-29.28424,30.29174,0.7803,0.468628659,23,3,N,1,0,0,3167.665905,0.888174396
gilb.za,Mt Gilboa,2012,1748,-29.28424,30.29174,0.7803,0.468628659,22,3,P,0,1,0,952.6381192,0.727197389
gilb.za,Mt Gilboa,2012,1748,-29.28424,30.29174,0.7803,0.468628659,21,3,PK,0,1,1,1404.340625,0.804150405
gilb.za,Mt Gilboa,2012,1748,-29.28424,30.29174,0.7803,0.468628659,12,2,K,0,0,1,455.6119102,0.697521495
gilb.za,Mt Gilboa,2012,1748,-29.28424,30.29174,0.7803,0.468628659,27,3,NPK,1,1,1,600.1509382,0.551469455
gilb.za,Mt Gilboa,2012,1748,-29.28424,30.29174,0.7803,0.468628659,26,3,Control,0,0,0,1560.053798,0.852265429
gilb.za,Mt Gilboa,2012,1748,-29.28424,30.29174,0.7803,0.468628659,5,1,PK,0,1,1,573.9270577,0.743089957
gilb.za,Mt Gilboa,2012,1748,-29.28424,30.29174,0.7803,0.468628659,14,2,Control,0,0,0,1073.199108,0.832421835
gilb.za,Mt Gilboa,2012,1748,-29.28424,30.29174,0.7803,0.468628659,19,2,PK,0,1,1,3110.979809,0.896793167
gilb.za,Mt Gilboa,2012,1748,-29.28424,30.29174,0.7803,0.468628659,25,3,K,0,0,1,923.9936283,0.827011164
hall.us,Hall's Prairie,2011,193.6,36.871944,-86.70167,1.0541,0.080217886,25,3,P,0,1,0,122.8571429,0.145452085
hall.us,Hall's Prairie,2011,193.6,36.871944,-86.70167,1.0541,0.080217886,30,3,K,0,0,1,89.1460512,0.147386349
hall.us,Hall's Prairie,2011,193.6,36.871944,-86.70167,1.0541,0.080217886,4,1,P,0,1,0,72.92839997,0.062496037
hall.us,Hall's Prairie,2011,193.6,36.871944,-86.70167,1.0541,0.080217886,10,1,N,1,0,0,53.35717769,0.122587703
hall.us,Hall's Prairie,2011,193.6,36.871944,-86.70167,1.0541,0.080217886,1,1,NP,1,1,0,87.61653091,0.051052143
hall.us,Hall's Prairie,2011,193.6,36.871944,-86.70167,1.0541,0.080217886,29,3,NP,1,1,0,60.2113037,0.250451217
hall.us,Hall's Prairie,2011,193.6,36.871944,-86.70167,1.0541,0.080217886,6,1,PK,0,1,1,61.2132611,0.094638228
hall.us,Hall's Prairie,2011,193.6,36.871944,-86.70167,1.0541,0.080217886,26,3,Control,0,0,0,52.69917582,0.210628895
hall.us,Hall's Prairie,2011,193.6,36.871944,-86.70167,1.0541,0.080217886,3,1,Control,0,0,0,115.3727523,0.155935939
hall.us,Hall's Prairie,2011,193.6,36.871944,-86.70167,1.0541,0.080217886,11,2,P,0,1,0,479.3652927,0.487871184
hall.us,Hall's Prairie,2011,193.6,36.871944,-86.70167,1.0541,0.080217886,21,3,PK,0,1,1,269.8522428,0.28433866
hall.us,Hall's Prairie,2011,193.6,36.871944,-86.70167,1.0541,0.080217886,7,1,NK,1,0,1,129.7513383,0.47276628
hall.us,Hall's Prairie,2011,193.6,36.871944,-86.70167,1.0541,0.080217886,18,2,N,1,0,0,118.111647,0.11323011
hall.us,Hall's Prairie,2011,193.6,36.871944,-86.70167,1.0541,0.080217886,27,3,N,1,0,0,70.63276499,0.146927295
hall.us,Hall's Prairie,2011,193.6,36.871944,-86.70167,1.0541,0.080217886,13,2,Control,0,0,0,142.9782415,0.287232807
hall.us,Hall's Prairie,2011,193.6,36.871944,-86.70167,1.0541,0.080217886,2,1,NPK,1,1,1,63.12219516,0.031066791
hall.us,Hall's Prairie,2011,193.6,36.871944,-86.70167,1.0541,0.080217886,16,2,NPK,1,1,1,38.17670676,0.07283175
hall.us,Hall's Prairie,2011,193.6,36.871944,-86.70167,1.0541,0.080217886,15,2,K,0,0,1,75.17320712,0.171169839
hall.us,Hall's Prairie,2011,193.6,36.871944,-86.70167,1.0541,0.080217886,28,3,NPK,1,1,1,46.33635617,0.045350599
hall.us,Hall's Prairie,2011,193.6,36.871944,-86.70167,1.0541,0.080217886,5,1,K,0,0,1,304.2505298,0.503850729
hall.us,Hall's Prairie,2011,193.6,36.871944,-86.70167,1.0541,0.080217886,12,2,NK,1,0,1,44.34402332,0.038642547
hall.us,Hall's Prairie,2011,193.6,36.871944,-86.70167,1.0541,0.080217886,24,3,NK,1,0,1,89.2699115,0.124683887
hall.us,Hall's Prairie,2011,193.6,36.871944,-86.70167,1.0541,0.080217886,19,2,PK,0,1,1,142.6055479,0.236608985
hall.us,Hall's Prairie,2011,193.6,36.871944,-86.70167,1.0541,0.080217886,14,2,NP,1,1,0,118.3835776,0.199910268
hart.us,Hart Mountain,2011,1508,42.723745,-119.49767,0.2506,0.754092708,12,2,NPK,1,1,1,230.2318123,0.736902592
hart.us,Hart Mountain,2011,1508,42.723745,-119.49767,0.2506,0.754092708,23,3,P,0,1,0,53.12265229,0.652831766
hart.us,Hart Mountain,2011,1508,42.723745,-119.49767,0.2506,0.754092708,3,1,NK,1,0,1,169.0913667,0.669691677
hart.us,Hart Mountain,2011,1508,42.723745,-119.49767,0.2506,0.754092708,18,2,NP,1,1,0,173.3495303,0.399699603
hart.us,Hart Mountain,2011,1508,42.723745,-119.49767,0.2506,0.754092708,11,2,P,0,1,0,160.0071642,0.802816923
hart.us,Hart Mountain,2011,1508,42.723745,-119.49767,0.2506,0.754092708,1,1,NP,1,1,0,80.82228512,0.608728584
hart.us,Hart Mountain,2011,1508,42.723745,-119.49767,0.2506,0.754092708,24,3,Control,0,0,0,113.6166656,0.685814887
hart.us,Hart Mountain,2011,1508,42.723745,-119.49767,0.2506,0.754092708,29,3,K,0,0,1,199.7871862,0.720896351
hart.us,Hart Mountain,2011,1508,42.723745,-119.49767,0.2506,0.754092708,6,1,N,1,0,0,214.8498116,0.665067132
hart.us,Hart Mountain,2011,1508,42.723745,-119.49767,0.2506,0.754092708,27,3,N,1,0,0,106.3640743,0.491938717
hart.us,Hart Mountain,2011,1508,42.723745,-119.49767,0.2506,0.754092708,2,1,PK,0,1,1,270.9336663,0.905273815
hart.us,Hart Mountain,2011,1508,42.723745,-119.49767,0.2506,0.754092708,19,2,PK,0,1,1,233.222918,0.915055706
hart.us,Hart Mountain,2011,1508,42.723745,-119.49767,0.2506,0.754092708,28,3,PK,0,1,1,182.7678947,0.75037761
hart.us,Hart Mountain,2011,1508,42.723745,-119.49767,0.2506,0.754092708,22,3,NP,1,1,0,83.22088457,0.339995031
hart.us,Hart Mountain,2011,1508,42.723745,-119.49767,0.2506,0.754092708,26,3,NPK,1,1,1,119.8993379,0.562513302
hart.us,Hart Mountain,2011,1508,42.723745,-119.49767,0.2506,0.754092708,25,3,NK,1,0,1,198.8367076,0.484628685
hart.us,Hart Mountain,2011,1508,42.723745,-119.49767,0.2506,0.754092708,15,2,K,0,0,1,244.7962444,0.767756399
hart.us,Hart Mountain,2011,1508,42.723745,-119.49767,0.2506,0.754092708,4,1,NPK,1,1,1,224.0957188,0.469757321
hart.us,Hart Mountain,2011,1508,42.723745,-119.49767,0.2506,0.754092708,9,1,P,0,1,0,135.4616765,0.757354393
hart.us,Hart Mountain,2011,1508,42.723745,-119.49767,0.2506,0.754092708,13,2,N,1,0,0,88.31664861,0.425076157
hart.us,Hart Mountain,2011,1508,42.723745,-119.49767,0.2506,0.754092708,14,2,NK,1,0,1,163.181775,0.512213152
hart.us,Hart Mountain,2011,1508,42.723745,-119.49767,0.2506,0.754092708,8,1,Control,0,0,0,94.05010258,0.774711887
hart.us,Hart Mountain,2011,1508,42.723745,-119.49767,0.2506,0.754092708,17,2,Control,0,0,0,173.6163265,0.744443278
hart.us,Hart Mountain,2011,1508,42.723745,-119.49767,0.2506,0.754092708,5,1,K,0,0,1,98.13604117,0.53280933
konz.us,Konza LTER,2011,440,39.070856,-96.582821,0.7617,0.173686665,17,2,K,0,0,1,154.0455995,0.22853884
konz.us,Konza LTER,2011,440,39.070856,-96.582821,0.7617,0.173686665,14,2,N,1,0,0,31.38579541,0.057887528
konz.us,Konza LTER,2011,440,39.070856,-96.582821,0.7617,0.173686665,4,1,Control,0,0,0,271.7389972,0.407870146
konz.us,Konza LTER,2011,440,39.070856,-96.582821,0.7617,0.173686665,7,1,P,0,1,0,179.0768942,0.28687789
konz.us,Konza LTER,2011,440,39.070856,-96.582821,0.7617,0.173686665,27,3,K,0,0,1,171.9929453,0.27087937
konz.us,Konza LTER,2011,440,39.070856,-96.582821,0.7617,0.173686665,19,2,NP,1,1,0,262.3641431,0.30415006
konz.us,Konza LTER,2011,440,39.070856,-96.582821,0.7617,0.173686665,2,1,NPK,1,1,1,100.3593997,0.099695488
konz.us,Konza LTER,2011,440,39.070856,-96.582821,0.7617,0.173686665,16,2,NPK,1,1,1,233.5763187,0.19848829
konz.us,Konza LTER,2011,440,39.070856,-96.582821,0.7617,0.173686665,8,1,NK,1,0,1,135.3998897,0.278801442
konz.us,Konza LTER,2011,440,39.070856,-96.582821,0.7617,0.173686665,23,3,P,0,1,0,212.9391277,0.319997906
konz.us,Konza LTER,2011,440,39.070856,-96.582821,0.7617,0.173686665,30,3,NPK,1,1,1,58.24730784,0.081068234
konz.us,Konza LTER,2011,440,39.070856,-96.582821,0.7617,0.173686665,5,1,N,1,0,0,122.3584629,0.164823962
konz.us,Konza LTER,2011,440,39.070856,-96.582821,0.7617,0.173686665,21,3,Control,0,0,0,166.3189522,0.316424953
konz.us,Konza LTER,2011,440,39.070856,-96.582821,0.7617,0.173686665,6,1,PK,0,1,1,373.6179205,0.435696924
konz.us,Konza LTER,2011,440,39.070856,-96.582821,0.7617,0.173686665,18,2,Control,0,0,0,256.8222941,0.292767632
konz.us,Konza LTER,2011,440,39.070856,-96.582821,0.7617,0.173686665,12,2,PK,0,1,1,435.5738089,0.52116231
konz.us,Konza LTER,2011,440,39.070856,-96.582821,0.7617,0.173686665,26,3,PK,0,1,1,240.701009,0.438514423
konz.us,Konza LTER,2011,440,39.070856,-96.582821,0.7617,0.173686665,9,1,K,0,0,1,170.4511278,0.288410833
konz.us,Konza LTER,2011,440,39.070856,-96.582821,0.7617,0.173686665,20,2,NK,1,0,1,304.6870615,0.338658934
konz.us,Konza LTER,2011,440,39.070856,-96.582821,0.7617,0.173686665,28,3,NP,1,1,0,76.13654917,0.087079225
konz.us,Konza LTER,2011,440,39.070856,-96.582821,0.7617,0.173686665,1,1,NP,1,1,0,232.3209568,0.333425144
konz.us,Konza LTER,2011,440,39.070856,-96.582821,0.7617,0.173686665,25,3,N,1,0,0,108.8473584,0.187426351
konz.us,Konza LTER,2011,440,39.070856,-96.582821,0.7617,0.173686665,13,2,P,0,1,0,212.8110657,0.403463079
konz.us,Konza LTER,2011,440,39.070856,-96.582821,0.7617,0.173686665,24,3,NK,1,0,1,74.39238987,0.119757407
lancaster.uk,Lancaster,2011,180,53.98562471,-2.628417566,2.2341,0.798113088,24,3,PK,0,1,1,790.9078066,0.739471772
lancaster.uk,Lancaster,2011,180,53.98562471,-2.628417566,2.2341,0.798113088,4,1,NK,1,0,1,286.7206457,0.743048607
lancaster.uk,Lancaster,2011,180,53.98562471,-2.628417566,2.2341,0.798113088,18,2,PK,0,1,1,1264.495151,0.903988801
lancaster.uk,Lancaster,2011,180,53.98562471,-2.628417566,2.2341,0.798113088,7,1,NP,1,1,0,375.5843712,0.66488717
lancaster.uk,Lancaster,2011,180,53.98562471,-2.628417566,2.2341,0.798113088,13,2,K,0,0,1,295.5428106,0.635585764
lancaster.uk,Lancaster,2011,180,53.98562471,-2.628417566,2.2341,0.798113088,26,3,NPK,1,1,1,40.04136977,0.162808599
lancaster.uk,Lancaster,2011,180,53.98562471,-2.628417566,2.2341,0.798113088,3,1,Control,0,0,0,438.9133431,0.827649066
lancaster.uk,Lancaster,2011,180,53.98562471,-2.628417566,2.2341,0.798113088,11,2,NK,1,0,1,329.4657549,0.569797264
lancaster.uk,Lancaster,2011,180,53.98562471,-2.628417566,2.2341,0.798113088,1,1,NPK,1,1,1,627.7061628,0.768065377
lancaster.uk,Lancaster,2011,180,53.98562471,-2.628417566,2.2341,0.798113088,12,2,N,1,0,0,424.5602133,0.556427956
lancaster.uk,Lancaster,2011,180,53.98562471,-2.628417566,2.2341,0.798113088,9,1,K,0,0,1,459.533404,0.673078835
lancaster.uk,Lancaster,2011,180,53.98562471,-2.628417566,2.2341,0.798113088,17,2,NPK,1,1,1,1423.118866,0.837144076
lancaster.uk,Lancaster,2011,180,53.98562471,-2.628417566,2.2341,0.798113088,22,3,P,0,1,0,320.1317415,0.56189908
lancaster.uk,Lancaster,2011,180,53.98562471,-2.628417566,2.2341,0.798113088,20,3,N,1,0,0,1098.368204,0.85785339
lancaster.uk,Lancaster,2011,180,53.98562471,-2.628417566,2.2341,0.798113088,2,1,PK,0,1,1,1020.055833,0.815225637
lancaster.uk,Lancaster,2011,180,53.98562471,-2.628417566,2.2341,0.798113088,16,2,NP,1,1,0,954.4680768,0.746396547
lancaster.uk,Lancaster,2011,180,53.98562471,-2.628417566,2.2341,0.798113088,15,2,P,0,1,0,453.7657783,0.620266546
lancaster.uk,Lancaster,2011,180,53.98562471,-2.628417566,2.2341,0.798113088,6,1,N,1,0,0,240.2080348,0.516068081
lancaster.uk,Lancaster,2011,180,53.98562471,-2.628417566,2.2341,0.798113088,23,3,NP,1,1,0,401.1721957,0.584269192
lancaster.uk,Lancaster,2011,180,53.98562471,-2.628417566,2.2341,0.798113088,21,3,Control,0,0,0,652.2117125,0.869196418
lancaster.uk,Lancaster,2011,180,53.98562471,-2.628417566,2.2341,0.798113088,19,3,K,0,0,1,452.7528639,0.71882322
lancaster.uk,Lancaster,2011,180,53.98562471,-2.628417566,2.2341,0.798113088,8,1,P,0,1,0,375.8255162,0.550720199
lancaster.uk,Lancaster,2011,180,53.98562471,-2.628417566,2.2341,0.798113088,25,3,NK,1,0,1,677.3877551,0.844057181
look.us,Lookout (Andrews LTER),2011,1500.492,44.20517707,-122.1284473,2.1509,0.321397425,30,3,NK,1,0,1,1060.996203,0.860014159
look.us,Lookout (Andrews LTER),2011,1500.492,44.20517707,-122.1284473,2.1509,0.321397425,29,3,N,1,0,0,811.6793048,0.844989373
look.us,Lookout (Andrews LTER),2011,1500.492,44.20517707,-122.1284473,2.1509,0.321397425,3,1,P,0,1,0,678.3873407,0.857537854
look.us,Lookout (Andrews LTER),2011,1500.492,44.20517707,-122.1284473,2.1509,0.321397425,16,2,PK,0,1,1,1530.817039,0.919786917
look.us,Lookout (Andrews LTER),2011,1500.492,44.20517707,-122.1284473,2.1509,0.321397425,22,3,NP,1,1,0,208.9568489,0.951720932
look.us,Lookout (Andrews LTER),2011,1500.492,44.20517707,-122.1284473,2.1509,0.321397425,25,3,NPK,1,1,1,710.6055822,0.940818655
look.us,Lookout (Andrews LTER),2011,1500.492,44.20517707,-122.1284473,2.1509,0.321397425,27,3,PK,0,1,1,2261.219218,0.938666711
look.us,Lookout (Andrews LTER),2011,1500.492,44.20517707,-122.1284473,2.1509,0.321397425,14,2,P,0,1,0,330.7335497,0.878130878
look.us,Lookout (Andrews LTER),2011,1500.492,44.20517707,-122.1284473,2.1509,0.321397425,13,2,NK,1,0,1,1790.004418,0.907064161
look.us,Lookout (Andrews LTER),2011,1500.492,44.20517707,-122.1284473,2.1509,0.321397425,19,2,NPK,1,1,1,478.3823482,0.814015173
look.us,Lookout (Andrews LTER),2011,1500.492,44.20517707,-122.1284473,2.1509,0.321397425,6,1,K,0,0,1,1282.204784,0.932746751
look.us,Lookout (Andrews LTER),2011,1500.492,44.20517707,-122.1284473,2.1509,0.321397425,21,3,P,0,1,0,338.8559975,0.555815076
look.us,Lookout (Andrews LTER),2011,1500.492,44.20517707,-122.1284473,2.1509,0.321397425,7,1,Control,0,0,0,1105.323747,0.972034706
look.us,Lookout (Andrews LTER),2011,1500.492,44.20517707,-122.1284473,2.1509,0.321397425,17,2,Control,0,0,0,1451.053296,0.984530346
look.us,Lookout (Andrews LTER),2011,1500.492,44.20517707,-122.1284473,2.1509,0.321397425,2,1,PK,0,1,1,609.6792728,0.748688887
look.us,Lookout (Andrews LTER),2011,1500.492,44.20517707,-122.1284473,2.1509,0.321397425,10,1,NK,1,0,1,837.445977,0.834112881
look.us,Lookout (Andrews LTER),2011,1500.492,44.20517707,-122.1284473,2.1509,0.321397425,23,3,Control,0,0,0,408.2008624,0.847415677
look.us,Lookout (Andrews LTER),2011,1500.492,44.20517707,-122.1284473,2.1509,0.321397425,12,2,K,0,0,1,910.5776111,0.917756661
look.us,Lookout (Andrews LTER),2011,1500.492,44.20517707,-122.1284473,2.1509,0.321397425,15,2,NP,1,1,0,202.2030049,0.876084802
look.us,Lookout (Andrews LTER),2011,1500.492,44.20517707,-122.1284473,2.1509,0.321397425,1,1,NP,1,1,0,1296.680006,0.911979632
look.us,Lookout (Andrews LTER),2011,1500.492,44.20517707,-122.1284473,2.1509,0.321397425,5,1,N,1,0,0,410.4998721,0.754803657
look.us,Lookout (Andrews LTER),2011,1500.492,44.20517707,-122.1284473,2.1509,0.321397425,20,2,N,1,0,0,734.7593418,0.89751537
look.us,Lookout (Andrews LTER),2011,1500.492,44.20517707,-122.1284473,2.1509,0.321397425,24,3,K,0,0,1,1160.295429,0.931481304
look.us,Lookout (Andrews LTER),2011,1500.492,44.20517707,-122.1284473,2.1509,0.321397425,9,1,NPK,1,1,1,698.6431596,0.79396396
mtca.au,Mt. Caroline,2011,285,-31.782138,117.610853,0.2221,0.880597947,13,2,N,1,0,0,116.5108278,0.398994889
mtca.au,Mt. Caroline,2011,285,-31.782138,117.610853,0.2221,0.880597947,12,2,K,0,0,1,213.5576447,0.572989709
mtca.au,Mt. Caroline,2011,285,-31.782138,117.610853,0.2221,0.880597947,10,1,NK,1,0,1,193.3565436,0.487588836
mtca.au,Mt. Caroline,2011,285,-31.782138,117.610853,0.2221,0.880597947,14,2,NK,1,0,1,111.6852895,0.396700853
mtca.au,Mt. Caroline,2011,285,-31.782138,117.610853,0.2221,0.880597947,26,3,N,1,0,0,93.89628158,0.393701239
mtca.au,Mt. Caroline,2011,285,-31.782138,117.610853,0.2221,0.880597947,29,3,NPK,1,1,1,277.6375422,0.51549195
mtca.au,Mt. Caroline,2011,285,-31.782138,117.610853,0.2221,0.880597947,11,2,P,0,1,0,112.4249371,0.348000244
mtca.au,Mt. Caroline,2011,285,-31.782138,117.610853,0.2221,0.880597947,2,1,NPK,1,1,1,314.051694,0.614219936
mtca.au,Mt. Caroline,2011,285,-31.782138,117.610853,0.2221,0.880597947,28,3,NP,1,1,0,479.6031556,0.725843156
mtca.au,Mt. Caroline,2011,285,-31.782138,117.610853,0.2221,0.880597947,8,1,Control,0,0,0,50.17750742,0.253771001
mtca.au,Mt. Caroline,2011,285,-31.782138,117.610853,0.2221,0.880597947,7,1,K,0,0,1,48.08039847,0.542788239
mtca.au,Mt. Caroline,2011,285,-31.782138,117.610853,0.2221,0.880597947,30,3,PK,0,1,1,479.7005897,0.74557064
mtca.au,Mt. Caroline,2011,285,-31.782138,117.610853,0.2221,0.880597947,21,3,K,0,0,1,158.6482296,0.487625919
mtca.au,Mt. Caroline,2011,285,-31.782138,117.610853,0.2221,0.880597947,27,3,Control,0,0,0,238.3842037,0.63682186
mtca.au,Mt. Caroline,2011,285,-31.782138,117.610853,0.2221,0.880597947,19,2,NPK,1,1,1,184.4336402,0.532839397
mtca.au,Mt. Caroline,2011,285,-31.782138,117.610853,0.2221,0.880597947,6,1,P,0,1,0,331.725185,0.641665586
mtca.au,Mt. Caroline,2011,285,-31.782138,117.610853,0.2221,0.880597947,15,2,PK,0,1,1,90.37761978,0.23641881
mtca.au,Mt. Caroline,2011,285,-31.782138,117.610853,0.2221,0.880597947,16,2,Control,0,0,0,78.85001449,0.25292706
mtca.au,Mt. Caroline,2011,285,-31.782138,117.610853,0.2221,0.880597947,17,2,NP,1,1,0,151.3565597,0.344417568
mtca.au,Mt. Caroline,2011,285,-31.782138,117.610853,0.2221,0.880597947,25,3,NK,1,0,1,275.3075184,0.70481879
mtca.au,Mt. Caroline,2011,285,-31.782138,117.610853,0.2221,0.880597947,1,1,N,1,0,0,81.49353418,0.466360799
mtca.au,Mt. Caroline,2011,285,-31.782138,117.610853,0.2221,0.880597947,3,1,NP,1,1,0,124.0724457,0.438151549
mtca.au,Mt. Caroline,2011,285,-31.782138,117.610853,0.2221,0.880597947,4,1,PK,0,1,1,110.3435993,0.454568522
mtca.au,Mt. Caroline,2011,285,-31.782138,117.610853,0.2221,0.880597947,23,3,P,0,1,0,171.8404999,0.467033392
sage.us,Sagehen Creek UCNRS,2011,1920,39.43,-120.24,0.9016,0.729345689,25,3,P,0,1,0,167.0094911,0.393232303
sage.us,Sagehen Creek UCNRS,2011,1920,39.43,-120.24,0.9016,0.729345689,14,2,Control,0,0,0,83.38458285,0.605620333
sage.us,Sagehen Creek UCNRS,2011,1920,39.43,-120.24,0.9016,0.729345689,22,3,NP,1,1,0,224.3033817,0.466857744
sage.us,Sagehen Creek UCNRS,2011,1920,39.43,-120.24,0.9016,0.729345689,30,3,N,1,0,0,356.517099,0.82115181
sage.us,Sagehen Creek UCNRS,2011,1920,39.43,-120.24,0.9016,0.729345689,11,2,PK,0,1,1,12.48804812,0.142985198
sage.us,Sagehen Creek UCNRS,2011,1920,39.43,-120.24,0.9016,0.729345689,5,1,NP,1,1,0,256.2148196,0.682575474
sage.us,Sagehen Creek UCNRS,2011,1920,39.43,-120.24,0.9016,0.729345689,12,2,NPK,1,1,1,34.67521561,0.259301998
sage.us,Sagehen Creek UCNRS,2011,1920,39.43,-120.24,0.9016,0.729345689,9,1,P,0,1,0,358.4933791,0.758485985
sage.us,Sagehen Creek UCNRS,2011,1920,39.43,-120.24,0.9016,0.729345689,20,2,P,0,1,0,85.38979324,0.148830174
sage.us,Sagehen Creek UCNRS,2011,1920,39.43,-120.24,0.9016,0.729345689,24,3,NPK,1,1,1,188.3180708,0.364485598
sage.us,Sagehen Creek UCNRS,2011,1920,39.43,-120.24,0.9016,0.729345689,18,2,NP,1,1,0,29.8656682,0.254575272
sage.us,Sagehen Creek UCNRS,2011,1920,39.43,-120.24,0.9016,0.729345689,7,1,PK,0,1,1,112.1874375,0.555005737
sage.us,Sagehen Creek UCNRS,2011,1920,39.43,-120.24,0.9016,0.729345689,17,2,K,0,0,1,49.08504264,0.40554406
sage.us,Sagehen Creek UCNRS,2011,1920,39.43,-120.24,0.9016,0.729345689,23,3,Control,0,0,0,96.49441737,0.215199863
sage.us,Sagehen Creek UCNRS,2011,1920,39.43,-120.24,0.9016,0.729345689,3,1,K,0,0,1,231.762292,0.747108667
sage.us,Sagehen Creek UCNRS,2011,1920,39.43,-120.24,0.9016,0.729345689,2,1,NPK,1,1,1,329.8985441,0.494898387
sage.us,Sagehen Creek UCNRS,2011,1920,39.43,-120.24,0.9016,0.729345689,4,1,NK,1,0,1,548.1089218,0.735954825
sage.us,Sagehen Creek UCNRS,2011,1920,39.43,-120.24,0.9016,0.729345689,29,3,PK,0,1,1,163.1620254,0.521181147
sage.us,Sagehen Creek UCNRS,2011,1920,39.43,-120.24,0.9016,0.729345689,10,1,Control,0,0,0,342.1328183,0.919383622
sage.us,Sagehen Creek UCNRS,2011,1920,39.43,-120.24,0.9016,0.729345689,8,1,N,1,0,0,191.1047248,0.675151156
sage.us,Sagehen Creek UCNRS,2011,1920,39.43,-120.24,0.9016,0.729345689,21,3,K,0,0,1,965.5742617,0.750733622
sage.us,Sagehen Creek UCNRS,2011,1920,39.43,-120.24,0.9016,0.729345689,27,3,NK,1,0,1,636.4620751,0.684653408
sage.us,Sagehen Creek UCNRS,2011,1920,39.43,-120.24,0.9016,0.729345689,19,2,NK,1,0,1,32.39600489,0.210369126
sage.us,Sagehen Creek UCNRS,2011,1920,39.43,-120.24,0.9016,0.729345689,13,2,N,1,0,0,47.80926659,0.230896532
saline.us,Saline Experimental Range,2011,440,39.05,-99.1,0.491,0.498132259,23,3,NPK,1,1,1,134.4847536,0.247244275
saline.us,Saline Experimental Range,2011,440,39.05,-99.1,0.491,0.498132259,13,2,Control,0,0,0,521.8129135,0.572908998
saline.us,Saline Experimental Range,2011,440,39.05,-99.1,0.491,0.498132259,14,2,NP,1,1,0,42.85986395,0.085752337
saline.us,Saline Experimental Range,2011,440,39.05,-99.1,0.491,0.498132259,3,1,NP,1,1,0,232.326247,0.329294974
saline.us,Saline Experimental Range,2011,440,39.05,-99.1,0.491,0.498132259,28,3,Control,0,0,0,200.7546195,0.463899426
saline.us,Saline Experimental Range,2011,440,39.05,-99.1,0.491,0.498132259,29,3,PK,0,1,1,202.0590074,0.362659501
saline.us,Saline Experimental Range,2011,440,39.05,-99.1,0.491,0.498132259,6,1,N,1,0,0,122.4439092,0.388471686
saline.us,Saline Experimental Range,2011,440,39.05,-99.1,0.491,0.498132259,18,2,NK,1,0,1,205.0188624,0.366911752
saline.us,Saline Experimental Range,2011,440,39.05,-99.1,0.491,0.498132259,27,3,K,0,0,1,534.3772286,0.65553503
saline.us,Saline Experimental Range,2011,440,39.05,-99.1,0.491,0.498132259,15,2,NPK,1,1,1,97.53540018,0.147997209
saline.us,Saline Experimental Range,2011,440,39.05,-99.1,0.491,0.498132259,12,2,PK,0,1,1,309.8300444,0.53434631
saline.us,Saline Experimental Range,2011,440,39.05,-99.1,0.491,0.498132259,25,3,NK,1,0,1,329.5652368,0.417930212
saline.us,Saline Experimental Range,2011,440,39.05,-99.1,0.491,0.498132259,21,3,NP,1,1,0,256.5714286,0.387206658
saline.us,Saline Experimental Range,2011,440,39.05,-99.1,0.491,0.498132259,4,1,PK,0,1,1,122.4908846,0.203358078
saline.us,Saline Experimental Range,2011,440,39.05,-99.1,0.491,0.498132259,20,2,N,1,0,0,292.0836291,0.483555244
saline.us,Saline Experimental Range,2011,440,39.05,-99.1,0.491,0.498132259,24,3,P,0,1,0,239.0428571,0.320952134
saline.us,Saline Experimental Range,2011,440,39.05,-99.1,0.491,0.498132259,8,1,K,0,0,1,207.9886991,0.514392265
saline.us,Saline Experimental Range,2011,440,39.05,-99.1,0.491,0.498132259,9,1,Control,0,0,0,175.7409505,0.482419204
saline.us,Saline Experimental Range,2011,440,39.05,-99.1,0.491,0.498132259,1,1,NPK,1,1,1,99.21469631,0.188240072
saline.us,Saline Experimental Range,2011,440,39.05,-99.1,0.491,0.498132259,2,1,P,0,1,0,366.390879,0.487941576
saline.us,Saline Experimental Range,2011,440,39.05,-99.1,0.491,0.498132259,11,2,P,0,1,0,107.985016,0.186057553
saline.us,Saline Experimental Range,2011,440,39.05,-99.1,0.491,0.498132259,16,2,K,0,0,1,235.7860689,0.472151875
saline.us,Saline Experimental Range,2011,440,39.05,-99.1,0.491,0.498132259,10,1,NK,1,0,1,466.2476117,0.632888724
saline.us,Saline Experimental Range,2011,440,39.05,-99.1,0.491,0.498132259,26,3,N,1,0,0,188.9229718,0.401645042
sgs.us,Shortgrass Steppe LTER,2011,1650,40.81667,-104.76667,0.3255,0.84731275,36,3,P,0,1,0,651.9149941,0.896577569
sgs.us,Shortgrass Steppe LTER,2011,1650,40.81667,-104.76667,0.3255,0.84731275,31,3,NK,1,0,1,423.4959689,0.913157565
sgs.us,Shortgrass Steppe LTER,2011,1650,40.81667,-104.76667,0.3255,0.84731275,34,3,NPK,1,1,1,5532.709666,0.974049797
sgs.us,Shortgrass Steppe LTER,2011,1650,40.81667,-104.76667,0.3255,0.84731275,4,1,NP,1,1,0,2902.594115,0.966840366
sgs.us,Shortgrass Steppe LTER,2011,1650,40.81667,-104.76667,0.3255,0.84731275,2,1,NPK,1,1,1,653.421005,0.898332489
sgs.us,Shortgrass Steppe LTER,2011,1650,40.81667,-104.76667,0.3255,0.84731275,19,2,Control,0,0,0,234.5926112,0.708006164
sgs.us,Shortgrass Steppe LTER,2011,1650,40.81667,-104.76667,0.3255,0.84731275,26,2,PK,0,1,1,372.0841352,0.82186013
sgs.us,Shortgrass Steppe LTER,2011,1650,40.81667,-104.76667,0.3255,0.84731275,11,1,PK,0,1,1,317.9849291,0.807509139
sgs.us,Shortgrass Steppe LTER,2011,1650,40.81667,-104.76667,0.3255,0.84731275,23,2,N,1,0,0,324.1379045,0.875733826
sgs.us,Shortgrass Steppe LTER,2011,1650,40.81667,-104.76667,0.3255,0.84731275,41,3,N,1,0,0,431.1687482,0.832261644
sgs.us,Shortgrass Steppe LTER,2011,1650,40.81667,-104.76667,0.3255,0.84731275,12,1,K,0,0,1,207.5296512,0.78171585
sgs.us,Shortgrass Steppe LTER,2011,1650,40.81667,-104.76667,0.3255,0.84731275,15,2,NP,1,1,0,328.3773409,0.787934149
sgs.us,Shortgrass Steppe LTER,2011,1650,40.81667,-104.76667,0.3255,0.84731275,28,2,NPK,1,1,1,674.4100308,0.913636614
sgs.us,Shortgrass Steppe LTER,2011,1650,40.81667,-104.76667,0.3255,0.84731275,1,1,NK,1,0,1,592.9979328,0.833801542
sgs.us,Shortgrass Steppe LTER,2011,1650,40.81667,-104.76667,0.3255,0.84731275,32,3,K,0,0,1,368.6999662,0.845487055
sgs.us,Shortgrass Steppe LTER,2011,1650,40.81667,-104.76667,0.3255,0.84731275,38,3,Control,0,0,0,654.5233833,0.868202427
sgs.us,Shortgrass Steppe LTER,2011,1650,40.81667,-104.76667,0.3255,0.84731275,10,1,N,1,0,0,402.6547348,0.815412868
sgs.us,Shortgrass Steppe LTER,2011,1650,40.81667,-104.76667,0.3255,0.84731275,33,3,PK,0,1,1,778.8348549,0.887424708
sgs.us,Shortgrass Steppe LTER,2011,1650,40.81667,-104.76667,0.3255,0.84731275,30,3,NP,1,1,0,264.0781646,0.717120111
sgs.us,Shortgrass Steppe LTER,2011,1650,40.81667,-104.76667,0.3255,0.84731275,25,2,NK,1,0,1,243.3903427,0.645785564
sgs.us,Shortgrass Steppe LTER,2011,1650,40.81667,-104.76667,0.3255,0.84731275,8,1,Control,0,0,0,324.8718927,0.830509295
sgs.us,Shortgrass Steppe LTER,2011,1650,40.81667,-104.76667,0.3255,0.84731275,18,2,K,0,0,1,531.5694639,0.908635518
sgs.us,Shortgrass Steppe LTER,2011,1650,40.81667,-104.76667,0.3255,0.84731275,5,1,P,0,1,0,590.2341086,0.871407628
sgs.us,Shortgrass Steppe LTER,2011,1650,40.81667,-104.76667,0.3255,0.84731275,27,2,P,0,1,0,602.5702461,0.860482434
shps.us,Sheep Experimental Station,2011,910,44.242989,-112.198391,0.2626,0.646049929,27,3,Control,0,0,0,288.0755666,0.475077794
shps.us,Sheep Experimental Station,2011,910,44.242989,-112.198391,0.2626,0.646049929,35,3,NK,1,0,1,301.5924552,0.549706739
shps.us,Sheep Experimental Station,2011,910,44.242989,-112.198391,0.2626,0.646049929,8,1,NP,1,1,0,234.2837377,0.354661679
shps.us,Sheep Experimental Station,2011,910,44.242989,-112.198391,0.2626,0.646049929,20,2,P,0,1,0,321.2611123,0.796262893
shps.us,Sheep Experimental Station,2011,910,44.242989,-112.198391,0.2626,0.646049929,4,1,P,0,1,0,431.4827954,0.800475962
shps.us,Sheep Experimental Station,2011,910,44.242989,-112.198391,0.2626,0.646049929,26,3,K,0,0,1,148.7420387,0.432966048
shps.us,Sheep Experimental Station,2011,910,44.242989,-112.198391,0.2626,0.646049929,21,2,K,0,0,1,339.7390359,0.866373926
shps.us,Sheep Experimental Station,2011,910,44.242989,-112.198391,0.2626,0.646049929,19,2,NK,1,0,1,79.59904567,0.437600128
shps.us,Sheep Experimental Station,2011,910,44.242989,-112.198391,0.2626,0.646049929,1,1,N,1,0,0,532.958741,0.897223735
shps.us,Sheep Experimental Station,2011,910,44.242989,-112.198391,0.2626,0.646049929,13,2,Control,0,0,0,465.6234783,0.830471739
shps.us,Sheep Experimental Station,2011,910,44.242989,-112.198391,0.2626,0.646049929,2,1,Control,0,0,0,293.8717474,0.688673003
shps.us,Sheep Experimental Station,2011,910,44.242989,-112.198391,0.2626,0.646049929,29,3,P,0,1,0,476.7351553,0.697608298
shps.us,Sheep Experimental Station,2011,910,44.242989,-112.198391,0.2626,0.646049929,30,3,NPK,1,1,1,271.4931799,0.523215934
shps.us,Sheep Experimental Station,2011,910,44.242989,-112.198391,0.2626,0.646049929,36,3,N,1,0,0,556.5899709,0.808773732
shps.us,Sheep Experimental Station,2011,910,44.242989,-112.198391,0.2626,0.646049929,3,1,PK,0,1,1,305.5709434,0.586203676
shps.us,Sheep Experimental Station,2011,910,44.242989,-112.198391,0.2626,0.646049929,15,2,NPK,1,1,1,394.306744,0.418515015
shps.us,Sheep Experimental Station,2011,910,44.242989,-112.198391,0.2626,0.646049929,31,3,PK,0,1,1,382.89721,0.807038596
shps.us,Sheep Experimental Station,2011,910,44.242989,-112.198391,0.2626,0.646049929,24,2,PK,0,1,1,304.0038255,0.732532586
shps.us,Sheep Experimental Station,2011,910,44.242989,-112.198391,0.2626,0.646049929,5,1,NK,1,0,1,254.5035322,0.530820017
shps.us,Sheep Experimental Station,2011,910,44.242989,-112.198391,0.2626,0.646049929,22,2,N,1,0,0,399.4490523,0.75360771
shps.us,Sheep Experimental Station,2011,910,44.242989,-112.198391,0.2626,0.646049929,25,3,NP,1,1,0,633.515798,0.780753591
shps.us,Sheep Experimental Station,2011,910,44.242989,-112.198391,0.2626,0.646049929,16,2,NP,1,1,0,620.360963,0.653933267
shps.us,Sheep Experimental Station,2011,910,44.242989,-112.198391,0.2626,0.646049929,9,1,K,0,0,1,323.5598429,0.787039884
shps.us,Sheep Experimental Station,2011,910,44.242989,-112.198391,0.2626,0.646049929,6,1,NPK,1,1,1,377.7955126,0.651938634
sier.us,Sierra Foothills REC,2011,197.195,39.23550963,-121.2836963,0.6639,0.175812483,15,2,NK,1,0,1,113.1866558,0.248577957
sier.us,Sierra Foothills REC,2011,197.195,39.23550963,-121.2836963,0.6639,0.175812483,27,3,Control,0,0,0,22.77639832,0.104634212
sier.us,Sierra Foothills REC,2011,197.195,39.23550963,-121.2836963,0.6639,0.175812483,9,1,NK,1,0,1,53.73156317,0.110064712
sier.us,Sierra Foothills REC,2011,197.195,39.23550963,-121.2836963,0.6639,0.175812483,10,1,NPK,1,1,1,46.51100885,0.097077729
sier.us,Sierra Foothills REC,2011,197.195,39.23550963,-121.2836963,0.6639,0.175812483,4,1,NP,1,1,0,88.12360939,0.178361296
sier.us,Sierra Foothills REC,2011,197.195,39.23550963,-121.2836963,0.6639,0.175812483,18,2,PK,0,1,1,112.4902747,0.232446607
sier.us,Sierra Foothills REC,2011,197.195,39.23550963,-121.2836963,0.6639,0.175812483,24,3,NK,1,0,1,13.34878331,0.133623082
sier.us,Sierra Foothills REC,2011,197.195,39.23550963,-121.2836963,0.6639,0.175812483,8,1,N,1,0,0,87.74356291,0.196231301
sier.us,Sierra Foothills REC,2011,197.195,39.23550963,-121.2836963,0.6639,0.175812483,21,3,K,0,0,1,117.1752293,0.544810435
sier.us,Sierra Foothills REC,2011,197.195,39.23550963,-121.2836963,0.6639,0.175812483,2,1,K,0,0,1,36.92526366,0.113817473
sier.us,Sierra Foothills REC,2011,197.195,39.23550963,-121.2836963,0.6639,0.175812483,23,3,NPK,1,1,1,39.88107688,0.173146748
sier.us,Sierra Foothills REC,2011,197.195,39.23550963,-121.2836963,0.6639,0.175812483,20,2,NPK,1,1,1,70.07474005,0.125116766
sier.us,Sierra Foothills REC,2011,197.195,39.23550963,-121.2836963,0.6639,0.175812483,30,3,N,1,0,0,20.55495525,0.224877909
sier.us,Sierra Foothills REC,2011,197.195,39.23550963,-121.2836963,0.6639,0.175812483,19,2,N,1,0,0,44.40353461,0.136352073
sier.us,Sierra Foothills REC,2011,197.195,39.23550963,-121.2836963,0.6639,0.175812483,1,1,P,0,1,0,16.76437213,0.033747131
sier.us,Sierra Foothills REC,2011,197.195,39.23550963,-121.2836963,0.6639,0.175812483,13,2,Control,0,0,0,74.36315468,0.160537657
sier.us,Sierra Foothills REC,2011,197.195,39.23550963,-121.2836963,0.6639,0.175812483,3,1,PK,0,1,1,35.32234336,0.075038595
sier.us,Sierra Foothills REC,2011,197.195,39.23550963,-121.2836963,0.6639,0.175812483,22,3,P,0,1,0,39.12688904,0.155341322
sier.us,Sierra Foothills REC,2011,197.195,39.23550963,-121.2836963,0.6639,0.175812483,28,3,NP,1,1,0,24.7523592,0.101567992
sier.us,Sierra Foothills REC,2011,197.195,39.23550963,-121.2836963,0.6639,0.175812483,14,2,K,0,0,1,69.02578733,0.230258047
sier.us,Sierra Foothills REC,2011,197.195,39.23550963,-121.2836963,0.6639,0.175812483,25,3,PK,0,1,1,58.05552034,0.206562462
sier.us,Sierra Foothills REC,2011,197.195,39.23550963,-121.2836963,0.6639,0.175812483,16,2,P,0,1,0,51.43697291,0.143303635
sier.us,Sierra Foothills REC,2011,197.195,39.23550963,-121.2836963,0.6639,0.175812483,5,1,Control,0,0,0,81.90235081,0.174074265
sier.us,Sierra Foothills REC,2011,197.195,39.23550963,-121.2836963,0.6639,0.175812483,12,2,NP,1,1,0,29.8051894,0.069008639
smith.us,Smith Prairie,2011,62,48.20658068,-122.624754,0.7796,0.474095951,21,3,K,0,0,1,91.29311397,0.324520299
smith.us,Smith Prairie,2011,62,48.20658068,-122.624754,0.7796,0.474095951,3,1,NK,1,0,1,192.0476466,0.366533468
smith.us,Smith Prairie,2011,62,48.20658068,-122.624754,0.7796,0.474095951,7,1,NPK,1,1,1,186.2778223,0.235463328
smith.us,Smith Prairie,2011,62,48.20658068,-122.624754,0.7796,0.474095951,10,1,P,0,1,0,184.8335918,0.335143641
smith.us,Smith Prairie,2011,62,48.20658068,-122.624754,0.7796,0.474095951,25,3,NPK,1,1,1,219.2730807,0.259193529
smith.us,Smith Prairie,2011,62,48.20658068,-122.624754,0.7796,0.474095951,15,2,PK,0,1,1,396.5770298,0.462307423
smith.us,Smith Prairie,2011,62,48.20658068,-122.624754,0.7796,0.474095951,9,1,K,0,0,1,265.0893049,0.557728965
smith.us,Smith Prairie,2011,62,48.20658068,-122.624754,0.7796,0.474095951,29,3,PK,0,1,1,143.421896,0.413485341
smith.us,Smith Prairie,2011,62,48.20658068,-122.624754,0.7796,0.474095951,13,2,NPK,1,1,1,102.7157243,0.10585968
smith.us,Smith Prairie,2011,62,48.20658068,-122.624754,0.7796,0.474095951,22,3,NP,1,1,0,238.720573,0.287418259
smith.us,Smith Prairie,2011,62,48.20658068,-122.624754,0.7796,0.474095951,2,1,N,1,0,0,234.4152421,0.398760835
smith.us,Smith Prairie,2011,62,48.20658068,-122.624754,0.7796,0.474095951,27,3,N,1,0,0,206.6448837,0.363999898
smith.us,Smith Prairie,2011,62,48.20658068,-122.624754,0.7796,0.474095951,11,2,Control,0,0,0,382.6612122,0.461668805
smith.us,Smith Prairie,2011,62,48.20658068,-122.624754,0.7796,0.474095951,19,2,N,1,0,0,340.4472925,0.530969677
smith.us,Smith Prairie,2011,62,48.20658068,-122.624754,0.7796,0.474095951,30,3,P,0,1,0,356.1676727,0.575759752
smith.us,Smith Prairie,2011,62,48.20658068,-122.624754,0.7796,0.474095951,4,1,NP,1,1,0,247.4801667,0.275012747
smith.us,Smith Prairie,2011,62,48.20658068,-122.624754,0.7796,0.474095951,12,2,NP,1,1,0,148.7959734,0.297588987
smith.us,Smith Prairie,2011,62,48.20658068,-122.624754,0.7796,0.474095951,14,2,NK,1,0,1,178.6762316,0.343347833
smith.us,Smith Prairie,2011,62,48.20658068,-122.624754,0.7796,0.474095951,18,2,P,0,1,0,269.1897708,0.31688108
smith.us,Smith Prairie,2011,62,48.20658068,-122.624754,0.7796,0.474095951,6,1,Control,0,0,0,274.8587251,0.525260557
smith.us,Smith Prairie,2011,62,48.20658068,-122.624754,0.7796,0.474095951,1,1,PK,0,1,1,228.2785781,0.427227495
smith.us,Smith Prairie,2011,62,48.20658068,-122.624754,0.7796,0.474095951,17,2,K,0,0,1,203.8727732,0.316571758
smith.us,Smith Prairie,2011,62,48.20658068,-122.624754,0.7796,0.474095951,24,3,Control,0,0,0,308.1340057,0.522091121
spin.us,Spindletop,2011,271.3,38.135833,-84.500556,1.0008,0.137878406,14,2,PK,0,1,1,368.1976825,0.524126544
spin.us,Spindletop,2011,271.3,38.135833,-84.500556,1.0008,0.137878406,13,2,N,1,0,0,219.7825312,0.274083201
spin.us,Spindletop,2011,271.3,38.135833,-84.500556,1.0008,0.137878406,29,3,Control,0,0,0,247.7104241,0.412568493
spin.us,Spindletop,2011,271.3,38.135833,-84.500556,1.0008,0.137878406,8,1,K,0,0,1,362.4441012,0.541977268
spin.us,Spindletop,2011,271.3,38.135833,-84.500556,1.0008,0.137878406,28,3,N,1,0,0,66.46882409,0.282522873
spin.us,Spindletop,2011,271.3,38.135833,-84.500556,1.0008,0.137878406,26,3,NP,1,1,0,411.9280353,0.477748366
spin.us,Spindletop,2011,271.3,38.135833,-84.500556,1.0008,0.137878406,24,3,PK,0,1,1,84.82588519,0.192862421
spin.us,Spindletop,2011,271.3,38.135833,-84.500556,1.0008,0.137878406,25,3,P,0,1,0,485.35408,0.561327462
spin.us,Spindletop,2011,271.3,38.135833,-84.500556,1.0008,0.137878406,9,1,NPK,1,1,1,333.5079993,0.395522812
spin.us,Spindletop,2011,271.3,38.135833,-84.500556,1.0008,0.137878406,6,1,Control,0,0,0,577.8047126,0.705237873
spin.us,Spindletop,2011,271.3,38.135833,-84.500556,1.0008,0.137878406,11,2,Control,0,0,0,1752.220577,0.935355432
spin.us,Spindletop,2011,271.3,38.135833,-84.500556,1.0008,0.137878406,27,3,K,0,0,1,202.0692251,0.325147597
spin.us,Spindletop,2011,271.3,38.135833,-84.500556,1.0008,0.137878406,22,3,NK,1,0,1,331.5288817,0.555483978
spin.us,Spindletop,2011,271.3,38.135833,-84.500556,1.0008,0.137878406,16,2,NK,1,0,1,242.937885,0.601126234
spin.us,Spindletop,2011,271.3,38.135833,-84.500556,1.0008,0.137878406,3,1,N,1,0,0,463.6646627,0.382572757
spin.us,Spindletop,2011,271.3,38.135833,-84.500556,1.0008,0.137878406,7,1,PK,0,1,1,358.1504431,0.445211319
spin.us,Spindletop,2011,271.3,38.135833,-84.500556,1.0008,0.137878406,5,1,NP,1,1,0,913.6203561,0.63568565
spin.us,Spindletop,2011,271.3,38.135833,-84.500556,1.0008,0.137878406,2,1,NK,1,0,1,143.7340907,0.315736659
spin.us,Spindletop,2011,271.3,38.135833,-84.500556,1.0008,0.137878406,10,1,P,0,1,0,498.0948539,0.725879611
spin.us,Spindletop,2011,271.3,38.135833,-84.500556,1.0008,0.137878406,15,2,K,0,0,1,129.517973,0.201641521
spin.us,Spindletop,2011,271.3,38.135833,-84.500556,1.0008,0.137878406,23,3,NPK,1,1,1,76.64811215,0.297145467
spin.us,Spindletop,2011,271.3,38.135833,-84.500556,1.0008,0.137878406,19,2,P,0,1,0,393.7527282,0.451161842
spin.us,Spindletop,2011,271.3,38.135833,-84.500556,1.0008,0.137878406,20,2,NPK,1,1,1,81.20743447,0.113958163
spin.us,Spindletop,2011,271.3,38.135833,-84.500556,1.0008,0.137878406,12,2,NP,1,1,0,613.4669863,0.486273811
summ.za,Summerveld,2012,679,-29.81161,30.71573,0.7308,0.249827171,5,1,PK,0,1,1,1449.184479,0.844557651
summ.za,Summerveld,2012,679,-29.81161,30.71573,0.7308,0.249827171,22,3,NPK,1,1,1,1116.501544,0.732263466
summ.za,Summerveld,2012,679,-29.81161,30.71573,0.7308,0.249827171,12,2,N,1,0,0,1388.474246,0.768876056
summ.za,Summerveld,2012,679,-29.81161,30.71573,0.7308,0.249827171,18,2,Control,0,0,0,1710.747421,0.869183992
summ.za,Summerveld,2012,679,-29.81161,30.71573,0.7308,0.249827171,9,1,Control,0,0,0,784.9047504,0.692840304
summ.za,Summerveld,2012,679,-29.81161,30.71573,0.7308,0.249827171,20,2,P,0,1,0,522.9793901,0.495032625
summ.za,Summerveld,2012,679,-29.81161,30.71573,0.7308,0.249827171,4,1,NPK,1,1,1,1540.236407,0.768308297
summ.za,Summerveld,2012,679,-29.81161,30.71573,0.7308,0.249827171,28,3,K,0,0,1,514.9446537,0.550304671
summ.za,Summerveld,2012,679,-29.81161,30.71573,0.7308,0.249827171,23,3,NK,1,0,1,1162.146524,0.721059133
summ.za,Summerveld,2012,679,-29.81161,30.71573,0.7308,0.249827171,7,1,NK,1,0,1,900.409082,0.637013953
summ.za,Summerveld,2012,679,-29.81161,30.71573,0.7308,0.249827171,29,3,PK,0,1,1,538.2132418,0.520043825
summ.za,Summerveld,2012,679,-29.81161,30.71573,0.7308,0.249827171,3,1,N,1,0,0,2147.589506,0.783816247
summ.za,Summerveld,2012,679,-29.81161,30.71573,0.7308,0.249827171,2,1,K,0,0,1,883.1027018,0.696987683
summ.za,Summerveld,2012,679,-29.81161,30.71573,0.7308,0.249827171,27,3,N,1,0,0,835.5920289,0.693744211
summ.za,Summerveld,2012,679,-29.81161,30.71573,0.7308,0.249827171,19,2,NPK,1,1,1,883.9778534,0.673402858
summ.za,Summerveld,2012,679,-29.81161,30.71573,0.7308,0.249827171,17,2,NP,1,1,0,988.6413565,0.682049121
summ.za,Summerveld,2012,679,-29.81161,30.71573,0.7308,0.249827171,14,2,NK,1,0,1,859.2099699,0.565777812
summ.za,Summerveld,2012,679,-29.81161,30.71573,0.7308,0.249827171,26,3,Control,0,0,0,1642.55677,0.806526305
summ.za,Summerveld,2012,679,-29.81161,30.71573,0.7308,0.249827171,6,1,P,0,1,0,2053.389762,0.885305119
summ.za,Summerveld,2012,679,-29.81161,30.71573,0.7308,0.249827171,25,3,P,0,1,0,1160.039325,0.763277004
summ.za,Summerveld,2012,679,-29.81161,30.71573,0.7308,0.249827171,8,1,NP,1,1,0,1202.452776,0.765782388
summ.za,Summerveld,2012,679,-29.81161,30.71573,0.7308,0.249827171,11,2,PK,0,1,1,1025.11884,0.759603956
summ.za,Summerveld,2012,679,-29.81161,30.71573,0.7308,0.249827171,13,2,K,0,0,1,1087.747275,0.788781512
summ.za,Summerveld,2012,679,-29.81161,30.71573,0.7308,0.249827171,24,3,NP,1,1,0,922.2311815,0.610463631
trel.us,Trelease,2011,200,40.075,-88.829,0.8927,0.045374949,29,3,P,0,1,0,110.2543317,0.077222201
trel.us,Trelease,2011,200,40.075,-88.829,0.8927,0.045374949,2,1,N,1,0,0,263.1203425,0.131881941
trel.us,Trelease,2011,200,40.075,-88.829,0.8927,0.045374949,23,3,Control,0,0,0,173.1475913,0.109959582
trel.us,Trelease,2011,200,40.075,-88.829,0.8927,0.045374949,24,3,NPK,1,1,1,259.5323607,0.13244607
trel.us,Trelease,2011,200,40.075,-88.829,0.8927,0.045374949,1,1,NK,1,0,1,71.58907769,0.030141639
trel.us,Trelease,2011,200,40.075,-88.829,0.8927,0.045374949,12,2,NP,1,1,0,95.30000379,0.045547963
trel.us,Trelease,2011,200,40.075,-88.829,0.8927,0.045374949,27,3,NK,1,0,1,25.33697929,0.020460488
trel.us,Trelease,2011,200,40.075,-88.829,0.8927,0.045374949,7,1,K,0,0,1,73.50721702,0.053498421
trel.us,Trelease,2011,200,40.075,-88.829,0.8927,0.045374949,15,2,NPK,1,1,1,88.40670242,0.059798635
trel.us,Trelease,2011,200,40.075,-88.829,0.8927,0.045374949,26,3,NP,1,1,0,59.6720204,0.029056256
trel.us,Trelease,2011,200,40.075,-88.829,0.8927,0.045374949,18,2,N,1,0,0,63.39006926,0.045153157
trel.us,Trelease,2011,200,40.075,-88.829,0.8927,0.045374949,9,1,Control,0,0,0,118.6057313,0.059913815
trel.us,Trelease,2011,200,40.075,-88.829,0.8927,0.045374949,10,1,NPK,1,1,1,29.53807126,0.012302209
trel.us,Trelease,2011,200,40.075,-88.829,0.8927,0.045374949,20,2,Control,0,0,0,50.19426668,0.031085926
trel.us,Trelease,2011,200,40.075,-88.829,0.8927,0.045374949,14,2,P,0,1,0,94.57801185,0.056210179
trel.us,Trelease,2011,200,40.075,-88.829,0.8927,0.045374949,21,3,PK,0,1,1,278.0745385,0.161476482
trel.us,Trelease,2011,200,40.075,-88.829,0.8927,0.045374949,22,3,N,1,0,0,86.79762978,0.084697337
trel.us,Trelease,2011,200,40.075,-88.829,0.8927,0.045374949,19,2,PK,0,1,1,183.2351457,0.097661077
trel.us,Trelease,2011,200,40.075,-88.829,0.8927,0.045374949,4,1,P,0,1,0,101.9834215,0.081133466
trel.us,Trelease,2011,200,40.075,-88.829,0.8927,0.045374949,17,2,K,0,0,1,180.206795,0.078978945
trel.us,Trelease,2011,200,40.075,-88.829,0.8927,0.045374949,30,3,K,0,0,1,165.3997478,0.080943412
trel.us,Trelease,2011,200,40.075,-88.829,0.8927,0.045374949,11,2,NK,1,0,1,134.6735089,0.116331166
trel.us,Trelease,2011,200,40.075,-88.829,0.8927,0.045374949,8,1,NP,1,1,0,42.07785212,0.026596575
trel.us,Trelease,2011,200,40.075,-88.829,0.8927,0.045374949,6,1,PK,0,1,1,253.1807538,0.16770483
ukul.za,Ukulinga,2012,842.5,-29.67,30.4,0.6317,0.103982577,9,1,NK,1,0,1,175.1256504,0.301589451
ukul.za,Ukulinga,2012,842.5,-29.67,30.4,0.6317,0.103982577,18,2,N,1,0,0,74.4069609,0.168396036
ukul.za,Ukulinga,2012,842.5,-29.67,30.4,0.6317,0.103982577,1,1,NP,1,1,0,97.58159136,0.042745856
ukul.za,Ukulinga,2012,842.5,-29.67,30.4,0.6317,0.103982577,22,3,Control,0,0,0,55.92881225,0.085507757
ukul.za,Ukulinga,2012,842.5,-29.67,30.4,0.6317,0.103982577,28,3,K,0,0,1,182.9424307,0.20175788
ukul.za,Ukulinga,2012,842.5,-29.67,30.4,0.6317,0.103982577,30,3,Control,0,0,0,487.3865094,0.402670143
ukul.za,Ukulinga,2012,842.5,-29.67,30.4,0.6317,0.103982577,10,1,NPK,1,1,1,132.4427544,0.186632997
ukul.za,Ukulinga,2012,842.5,-29.67,30.4,0.6317,0.103982577,29,3,PK,0,1,1,153.301842,0.127194862
ukul.za,Ukulinga,2012,842.5,-29.67,30.4,0.6317,0.103982577,3,1,P,0,1,0,40.71163825,0.025755259
ukul.za,Ukulinga,2012,842.5,-29.67,30.4,0.6317,0.103982577,11,2,P,0,1,0,320.0001288,0.169487094
ukul.za,Ukulinga,2012,842.5,-29.67,30.4,0.6317,0.103982577,5,1,Control,0,0,0,416.7360207,0.298268101
ukul.za,Ukulinga,2012,842.5,-29.67,30.4,0.6317,0.103982577,21,3,NP,1,1,0,136.3507555,0.087200262
ukul.za,Ukulinga,2012,842.5,-29.67,30.4,0.6317,0.103982577,14,2,NK,1,0,1,402.8831018,0.467743665
ukul.za,Ukulinga,2012,842.5,-29.67,30.4,0.6317,0.103982577,6,1,N,1,0,0,147.8255635,0.121255405
ukul.za,Ukulinga,2012,842.5,-29.67,30.4,0.6317,0.103982577,25,3,NPK,1,1,1,298.5505156,0.241174886
ukul.za,Ukulinga,2012,842.5,-29.67,30.4,0.6317,0.103982577,13,2,K,0,0,1,183.8305618,0.195308747
ukul.za,Ukulinga,2012,842.5,-29.67,30.4,0.6317,0.103982577,16,2,PK,0,1,1,35.53499715,0.036791996
ukul.za,Ukulinga,2012,842.5,-29.67,30.4,0.6317,0.103982577,24,3,NK,1,0,1,206.2023617,0.238053336
ukul.za,Ukulinga,2012,842.5,-29.67,30.4,0.6317,0.103982577,4,1,PK,0,1,1,114.042881,0.102098127
ukul.za,Ukulinga,2012,842.5,-29.67,30.4,0.6317,0.103982577,27,3,N,1,0,0,407.0582165,0.358402176
ukul.za,Ukulinga,2012,842.5,-29.67,30.4,0.6317,0.103982577,17,2,NP,1,1,0,375.7777778,0.138787436
ukul.za,Ukulinga,2012,842.5,-29.67,30.4,0.6317,0.103982577,26,3,P,0,1,0,134.2538144,0.12020715
ukul.za,Ukulinga,2012,842.5,-29.67,30.4,0.6317,0.103982577,23,3,NPK,1,1,1,150.4392786,0.099382556
ukul.za,Ukulinga,2012,842.5,-29.67,30.4,0.6317,0.103982577,19,2,NPK,1,1,1,176.3720172,0.100823071
ukul.za,Ukulinga,2012,842.5,-29.67,30.4,0.6317,0.103982577,7,1,K,0,0,1,25.71570865,0.021456297
ukul.za,Ukulinga,2012,842.5,-29.67,30.4,0.6317,0.103982577,8,1,Control,0,0,0,286.0002849,0.218587758
ukul.za,Ukulinga,2012,842.5,-29.67,30.4,0.6317,0.103982577,20,2,Control,0,0,0,274.6079927,0.252813452
ukul.za,Ukulinga,2012,842.5,-29.67,30.4,0.6317,0.103982577,15,2,NPK,1,1,1,219.8745202,0.226692403
ukul.za,Ukulinga,2012,842.5,-29.67,30.4,0.6317,0.103982577,2,1,NPK,1,1,1,100.6606984,0.040555293
ukul.za,Ukulinga,2012,842.5,-29.67,30.4,0.6317,0.103982577,12,2,Control,0,0,0,60.87026861,0.106440695
unc.us,Duke Forest,2011,141,36.00828,-79.020423,0.9121,0.213941496,7,1,PK,0,1,1,72.2824972,0.192172965
unc.us,Duke Forest,2011,141,36.00828,-79.020423,0.9121,0.213941496,19,2,NP,1,1,0,184.0175192,0.131036975
unc.us,Duke Forest,2011,141,36.00828,-79.020423,0.9121,0.213941496,24,3,PK,0,1,1,72.26634198,0.04360575
unc.us,Duke Forest,2011,141,36.00828,-79.020423,0.9121,0.213941496,14,2,Control,0,0,0,198.0959115,0.426535644
unc.us,Duke Forest,2011,141,36.00828,-79.020423,0.9121,0.213941496,27,3,N,1,0,0,124.8733975,0.280962645
unc.us,Duke Forest,2011,141,36.00828,-79.020423,0.9121,0.213941496,5,1,N,1,0,0,170.7734242,0.226801752
unc.us,Duke Forest,2011,141,36.00828,-79.020423,0.9121,0.213941496,12,2,P,0,1,0,139.798161,0.087226429
unc.us,Duke Forest,2011,141,36.00828,-79.020423,0.9121,0.213941496,11,2,PK,0,1,1,105.7738584,0.212428506
unc.us,Duke Forest,2011,141,36.00828,-79.020423,0.9121,0.213941496,3,1,NK,1,0,1,106.5424431,0.101901595
unc.us,Duke Forest,2011,141,36.00828,-79.020423,0.9121,0.213941496,29,3,NPK,1,1,1,192.4444691,0.140789559
unc.us,Duke Forest,2011,141,36.00828,-79.020423,0.9121,0.213941496,15,2,K,0,0,1,116.9164941,0.169021397
unc.us,Duke Forest,2011,141,36.00828,-79.020423,0.9121,0.213941496,25,3,NK,1,0,1,110.5366867,0.154014914
unc.us,Duke Forest,2011,141,36.00828,-79.020423,0.9121,0.213941496,13,2,NK,1,0,1,99.57252398,0.119911199
unc.us,Duke Forest,2011,141,36.00828,-79.020423,0.9121,0.213941496,9,1,P,0,1,0,87.64290042,0.075816123
unc.us,Duke Forest,2011,141,36.00828,-79.020423,0.9121,0.213941496,10,1,NPK,1,1,1,147.1523079,0.168088522
unc.us,Duke Forest,2011,141,36.00828,-79.020423,0.9121,0.213941496,4,1,K,0,0,1,778.7663216,0.577520038
unc.us,Duke Forest,2011,141,36.00828,-79.020423,0.9121,0.213941496,30,3,K,0,0,1,96.62214511,0.23756303
unc.us,Duke Forest,2011,141,36.00828,-79.020423,0.9121,0.213941496,22,3,Control,0,0,0,140.4120825,0.419196752
unc.us,Duke Forest,2011,141,36.00828,-79.020423,0.9121,0.213941496,26,3,P,0,1,0,133.5379115,0.242318214
unc.us,Duke Forest,2011,141,36.00828,-79.020423,0.9121,0.213941496,21,3,NP,1,1,0,418.5252155,0.416200438
unc.us,Duke Forest,2011,141,36.00828,-79.020423,0.9121,0.213941496,6,1,NP,1,1,0,147.745653,0.202795326
unc.us,Duke Forest,2011,141,36.00828,-79.020423,0.9121,0.213941496,2,1,Control,0,0,0,728.7202326,0.597767227
unc.us,Duke Forest,2011,141,36.00828,-79.020423,0.9121,0.213941496,17,2,NPK,1,1,1,429.5451988,0.215367531
unc.us,Duke Forest,2011,141,36.00828,-79.020423,0.9121,0.213941496,20,2,N,1,0,0,96.04175651,0.237569961
valm.ch,Val Mustair,2011,2320,46.631345,10.372252,1.6479,0.916555641,23,3,P,0,1,0,839.6982425,0.803425015
valm.ch,Val Mustair,2011,2320,46.631345,10.372252,1.6479,0.916555641,22,3,K,0,0,1,563.0107428,0.680901527
valm.ch,Val Mustair,2011,2320,46.631345,10.372252,1.6479,0.916555641,21,3,Control,0,0,0,661.1493246,0.740535198
valm.ch,Val Mustair,2011,2320,46.631345,10.372252,1.6479,0.916555641,26,3,NK,1,0,1,773.4622701,0.840800036
valm.ch,Val Mustair,2011,2320,46.631345,10.372252,1.6479,0.916555641,27,3,NP,1,1,0,1216.95606,0.864587987
valm.ch,Val Mustair,2011,2320,46.631345,10.372252,1.6479,0.916555641,18,2,NPK,1,1,1,1387.928264,0.905144084
valm.ch,Val Mustair,2011,2320,46.631345,10.372252,1.6479,0.916555641,28,3,NPK,1,1,1,1918.041232,0.861018913
valm.ch,Val Mustair,2011,2320,46.631345,10.372252,1.6479,0.916555641,17,2,NP,1,1,0,1474.214263,0.881225234
valm.ch,Val Mustair,2011,2320,46.631345,10.372252,1.6479,0.916555641,24,3,N,1,0,0,829.4168164,0.8368085
valm.ch,Val Mustair,2011,2320,46.631345,10.372252,1.6479,0.916555641,14,2,N,1,0,0,359.7151707,0.736117882
valm.ch,Val Mustair,2011,2320,46.631345,10.372252,1.6479,0.916555641,11,2,Control,0,0,0,307.5549,0.712501816
valm.ch,Val Mustair,2011,2320,46.631345,10.372252,1.6479,0.916555641,13,2,P,0,1,0,748.1635135,0.865866342
valm.ch,Val Mustair,2011,2320,46.631345,10.372252,1.6479,0.916555641,4,1,N,1,0,0,567.6901612,0.736026712
valm.ch,Val Mustair,2011,2320,46.631345,10.372252,1.6479,0.916555641,5,1,PK,0,1,1,232.752238,0.704557776
valm.ch,Val Mustair,2011,2320,46.631345,10.372252,1.6479,0.916555641,16,2,NK,1,0,1,1273.872127,0.846976985
valm.ch,Val Mustair,2011,2320,46.631345,10.372252,1.6479,0.916555641,6,1,NK,1,0,1,808.7176661,0.789749721
valm.ch,Val Mustair,2011,2320,46.631345,10.372252,1.6479,0.916555641,1,1,Control,0,0,0,429.303802,0.617922206
valm.ch,Val Mustair,2011,2320,46.631345,10.372252,1.6479,0.916555641,2,1,K,0,0,1,943.0635088,0.738838552
valm.ch,Val Mustair,2011,2320,46.631345,10.372252,1.6479,0.916555641,12,2,K,0,0,1,728.602847,0.845734694
valm.ch,Val Mustair,2011,2320,46.631345,10.372252,1.6479,0.916555641,25,3,PK,0,1,1,403.7855771,0.610468489
valm.ch,Val Mustair,2011,2320,46.631345,10.372252,1.6479,0.916555641,7,1,NP,1,1,0,1841.623125,0.900098881
valm.ch,Val Mustair,2011,2320,46.631345,10.372252,1.6479,0.916555641,8,1,NPK,1,1,1,290.1177945,0.652583921
valm.ch,Val Mustair,2011,2320,46.631345,10.372252,1.6479,0.916555641,3,1,P,0,1,0,738.7881735,0.776618688
valm.ch,Val Mustair,2011,2320,46.631345,10.372252,1.6479,0.916555641,15,2,PK,0,1,1,841.0897122,0.858701936