id,co2,inoc,n.trt,rep,sow_date,rack,germ_date,thin_date,harvest_date,focal.area,tla,focal.biomass,leaf.biomass,chlor.biomass,stem.biomass,root.biomass,nodule.biomass,total.biomass,nod.root.ratio,nmass.focal,nmass.nod,nmass.tl,nmass.tr,nmass.ts,cmass.focal,cmass.nod,cmass.tl,cmass.tr,cmass.ts,chlA.ugml,chlB.ugml,chlA.gml,chlB.gml,chlA.g,chlB.g,chlA.gm2,chlB.gm2,chlA.mmolm2,chlB.mmolm2,chl.mmolm2,chlA.chlB,disk.area,chl.leaf.area,tleaf,anet,anet.growth,gsw,gsw.growth,ci.ca,vcmax25,jmax25,jmax25.vcmax25,rd25,tpu,leaf.d13c,leaf.d15n,ndfa,chi,beta,marea,narea,p.rubisco,p.bioe,p.lightharv,p.photo,p.structure,pnue,pnue.growth,iwue,iwue.growth,stomlim,leaf.totaln,stem.totaln,root.totaln,root.totalc,nod.totaln,nod.totalc,wpn,cbg,ncost,bvr
e_y_0_1,elv,inoc,0,1,6/17/22,6b,6/23/22,7/2/22,8/6/22,24.603,276.728,0.183,1.763,0.134,0.582,1.308,0.319,4.106,0.243883792,0.021,0.0637,0.02,0.0139,0.0198,0.4204,0.4604,0.4132,0.4139,0.4058,2.6491,0.4311,2.65E-06,4.31E-07,2.65E-05,4.31E-06,0.0882,0.0143,0.0987,0.0158,0.1145,6.1451,3.005,22.09,25.02,20.689,28.815,0.358,0.236,0.725,97.98,173.197,1.768,3.436,10.737,-24.99,-0.74,100,0.6696,152.5551,74.3812,1.5583,0.4907,0.0884,0.0328,0.6119,0.091,13.27677143,18.49147857,57.7905,122.0975,0.2548,0.042,0.0115,0.0181,0.5413,0.0203,0.1469,0.0919,0.6882,7.4848,0.684
e_y_0_2,elv,inoc,0,2,6/17/22,5t,6/21/22,7/2/22,8/6/22,24.008,331.333,0.156,2.017,0.172,0.63,1.139,0.371,4.329,0.32572432,0.0226,0.0571,0.0229,0.0145,0.0166,0.4197,0.4048,0.4503,0.4194,0.4134,3.2759,0.8047,3.28E-06,8.05E-07,3.28E-05,8.05E-06,0.1068,0.0262,0.1195,0.0289,0.1484,4.071,3.068,22.727,25.011,20.708,31.23,0.334,0.294,0.709,96.124,180.354,1.876,2.531,11.367,-25.56,-1.24,56.73,0.696,195.51,64.9783,1.4653,0.512,0.0979,0.0316,0.6415,0.0802,14.13262857,21.3136,62,106.2245,0.2624,0.0536,0.0105,0.0165,0.4777,0.0212,0.1502,0.1018,0.6278,6.1693,0.722
e_y_0_3,elv,inoc,0,3,6/17/22,4t,6/22/22,7/2/22,8/6/22,24.75,378.484,0.147,2.098,0.152,0.724,1.391,0.401,4.766,0.288281812,0.0346,0.0605,0.0311,0.0138,0.0193,0.4326,0.4248,0.4522,0.4239,0.4083,2.3859,1.6836,2.39E-06,1.68E-06,2.39E-05,1.68E-05,0.0782,0.0551,0.0875,0.0608,0.1482,1.4172,3.053,22.221,25.01,21.054,33.211,0.258,0.171,0.626,100.959,182.416,1.807,1.105,11.732,-24.42,-1.14,73.06,0.6432,120.1858,59.3939,2.0562,0.3832,0.0706,0.0228,0.4765,0.0504,10.23918571,16.15149286,81.6047,194.2164,0.3217,0.0755,0.014,0.0191,0.5897,0.0243,0.1704,0.1329,0.7601,5.7185,0.794
e_y_0_4,elv,inoc,0,4,6/17/22,6t,6/22/22,7/2/22,8/6/22,19.514,282.992,0.113,1.707,0.096,0.783,1.201,0.332,4.119,0.276436303,0.0285,0.0597,0.0242,0.0166,0.0173,0.4221,0.4238,0.4195,0.4154,0.4122,2.8509,0.561,2.85E-06,5.61E-07,2.85E-05,5.61E-06,0.0931,0.0183,0.1042,0.0202,0.1244,5.0816,3.063,19.365,25.023,19.768,28.016,0.411,0.36,0.766,89.374,165.96,1.857,3.421,10.486,-26.09,-0.78,100,0.7205,248.9372,57.9071,1.6504,0.4227,0.08,0.032,0.5347,0.0607,11.97803571,16.97575714,48.0973,77.8222,0.2104,0.0473,0.0135,0.02,0.4989,0.0198,0.1407,0.1006,0.6396,6.357,0.687
e_y_35_5,elv,inoc,35,5,6/17/22,2b,6/22/22,7/2/22,8/6/22,22.018,257.839,0.112,1.456,0.076,0.524,0.936,0.298,3.29,0.318376068,0.0369,0.0626,0.0272,0.0119,0.0175,0.4264,0.4358,0.4349,0.4295,0.4057,1.6179,0.6427,1.62E-06,6.43E-07,1.62E-05,6.43E-06,0.0521,0.0207,0.0584,0.0228,0.0812,2.5174,3.103,16.638,25.008,23.363,35.49,0.329,0.329,0.67,107.692,205.409,1.907,1.195,12.182,-25.26,0.49,91.72,0.6821,171.3478,50.8675,1.878,0.4476,0.087,0.0175,0.552,0.0445,12.44018571,18.89749286,71.0122,107.8723,0.2941,0.0465,0.0092,0.0111,0.402,0.0186,0.1299,0.0855,0.5318,6.2223,0.548
e_y_35_6,elv,inoc,35,6,6/17/22,1t,6/23/22,7/2/22,8/6/22,21.95,312.369,0.104,1.521,0.104,0.547,1.284,0.246,3.702,0.191588785,0.0276,0.0594,0.027,0.0134,0.0194,0.4172,0.452,0.4456,0.4496,0.4052,2.0902,0.6409,2.09E-06,6.41E-07,2.09E-05,6.41E-06,0.0683,0.0209,0.0764,0.0231,0.0995,3.2612,3.062,22.137,25.005,16.457,25.748,0.277,0.251,0.726,73.592,143.073,1.944,1.927,9.231,-25.3,2.8,78.65,0.6839,174.3568,47.3804,1.3058,0.4399,0.0871,0.0279,0.5549,0.058,12.60296429,19.71812143,59.4116,102.5817,0.2347,0.0468,0.0106,0.0172,0.5772,0.0146,0.1112,0.0893,0.6884,7.7108,0.617
e_y_35_7,elv,inoc,35,7,6/17/22,5t,6/22/22,7/2/22,8/6/22,18.769,402.244,0.105,2.294,0.122,0.85,1.721,0.388,5.375,0.22545032,0.0354,0.0604,0.0247,0.012,0.0158,0.4292,0.458,0.4469,0.4139,0.423,3.1887,0.7133,3.19E-06,7.13E-07,3.19E-05,7.13E-06,0.1035,0.0232,0.1158,0.0255,0.1413,4.4704,3.081,22.974,24.991,17.165,28.478,0.247,0.251,0.685,87.76,163.023,1.858,3.656,10.986,-24.94,0.8,89.96,0.6673,149.3446,55.9433,1.981,0.3458,0.0655,0.0273,0.4386,0.0482,8.665021429,14.37591429,69.4939,113.4582,0.2932,0.0648,0.0135,0.0207,0.7123,0.0234,0.1777,0.1224,0.89,7.2735,0.896
e_y_35_8,elv,inoc,35,8,6/17/22,5t,6/22/22,7/2/22,8/6/22,21.148,275.226,0.118,1.488,0.137,0.549,0.993,0.3,3.467,0.302114804,0.0277,0.061,0.0273,0.0137,0.0184,0.4226,0.4628,0.4407,0.4157,0.4122,3.195,0.8843,3.20E-06,8.84E-07,3.20E-05,8.84E-06,0.1051,0.0291,0.1177,0.0321,0.1497,3.6133,3.039,25.139,25.016,18.632,27.97,0.324,0.293,0.731,80.813,153.905,1.904,1.776,9.903,-25.74,0.95,89.12,0.7043,211.951,55.7972,1.5467,0.4078,0.0791,0.036,0.523,0.0615,12.04629286,18.08367143,57.5062,95.4608,0.2222,0.0477,0.0101,0.0136,0.4128,0.0183,0.1388,0.0897,0.5516,6.1503,0.578
e_y_70_9,elv,inoc,70,9,6/17/22,4t,6/23/22,7/2/22,8/6/22,21.859,485.974,0.124,3.088,0.116,1.137,1.857,0.481,6.679,0.259019925,0.0287,0.0594,0.0228,0.0153,0.0168,0.4262,0.4551,0.4391,0.4232,0.4101,1.7007,0.8314,1.70E-06,8.31E-07,1.70E-05,8.31E-06,0.0542,0.0265,0.0607,0.0292,0.0899,2.0456,3.135,21.79,25.009,17.628,28.53,0.26,0.252,0.691,91.651,167.641,1.829,3.973,10.891,-24.68,3.11,86.04,0.6552,133.8579,56.7272,1.6258,0.44,0.082,0.0214,0.5434,0.0598,10.84265,17.54826429,67.8,113.2143,0.3007,0.0774,0.0191,0.0284,0.7858,0.0286,0.2189,0.1535,1.0047,6.546,1.113
e_y_70_10,elv,inoc,70,10,6/17/22,6b,6/22/22,7/2/22,8/6/22,20.524,230.728,0.111,1.264,0.094,0.517,1.152,0.245,3.272,0.212673611,0.0238,0.0595,0.022,0.0164,0.0152,0.4212,0.4542,0.4407,0.4127,0.4101,3.1512,0.6888,3.15E-06,6.89E-07,3.15E-05,6.89E-06,0.1029,0.0225,0.1151,0.0248,0.1399,4.5747,3.063,NA,25.012,18.412,24.623,0.405,0.393,0.779,84.042,154.735,1.841,3.715,9.367,-26.44,4.39,81.66,0.7368,294.0637,54.083,1.2856,0.5102,0.0957,NA,NA,0.0708,14.32223571,19.15361429,45.4617,62.6539,0.201,0.0327,0.0079,0.0189,0.4755,0.0146,0.1113,0.074,0.5868,7.9259,0.545
e_y_70_11,elv,inoc,70,11,6/17/22,3t,6/22/22,7/2/22,8/6/22,27.185,418.726,0.169,2.415,0.135,1.023,1.511,0.352,5.436,0.232958306,0.0249,0.0591,0.0229,0.013,0.0148,0.4251,0.4635,0.4319,0.4241,0.42,1.671,0.3845,1.67E-06,3.84E-07,1.67E-05,3.84E-06,0.0535,0.0123,0.0598,0.0136,0.0734,4.3461,3.126,20.635,25.018,23.507,35.24,0.369,0.346,0.699,108.414,204.846,1.889,2.061,12.138,-25.47,4.79,80.29,0.6918,187.8608,62.1666,1.5467,0.5471,0.1053,0.0164,0.6688,0.0714,15.19810714,22.78390714,63.7046,101.8497,0.2758,0.0629,0.0151,0.0196,0.6408,0.0208,0.1632,0.1184,0.8039,6.7907,0.906
e_y_70_12,elv,inoc,70,12,6/17/22,5b,6/22/22,7/2/22,8/6/22,26.006,436.227,0.172,2.605,0.163,1.066,1.823,0.382,6.039,0.209544707,0.0239,0.0653,0.0222,0.014,0.0146,0.4243,0.4538,0.456,0.4187,0.4228,2.5379,0.4183,2.54E-06,4.18E-07,2.54E-05,4.18E-06,0.0814,0.0134,0.0911,0.0148,0.1058,6.0669,3.119,22.592,25.002,17.787,28.24,0.285,0.301,0.712,86.626,164.628,1.9,3.441,10.383,-25.48,4.64,80.81,0.6923,188.6929,66.1386,1.5781,0.4284,0.083,0.0224,0.5338,0.0763,11.27138571,17.89531429,62.4105,93.8206,0.2632,0.0657,0.0156,0.0255,0.7633,0.0249,0.1733,0.1318,0.9366,7.1085,1.007
e_y_105_13,elv,inoc,105,13,6/17/22,4b,6/21/22,7/2/22,8/6/22,29.793,617.345,0.192,3.495,0.164,1.419,2.126,0.494,7.698,0.232361242,0.0257,0.059,0.0221,0.0142,0.0158,0.4295,0.4477,0.413,0.428,0.4093,2.6995,0.5862,2.70E-06,5.86E-07,2.70E-05,5.86E-06,0.0873,0.019,0.0977,0.0209,0.1186,4.6051,3.092,26.67,25.011,23.015,33.365,0.328,0.322,0.673,106.766,197.329,1.848,1.538,11.508,-25.77,5.65,80.91,0.7057,214.8493,64.4447,1.6549,0.5035,0.0948,0.0273,0.6257,0.0702,13.90685714,20.16086429,70.1677,103.618,0.2909,0.0865,0.0224,0.0301,0.9099,0.0292,0.2212,0.1682,1.1311,6.7258,1.283
e_y_105_14,elv,inoc,105,14,6/17/22,6t,6/23/22,7/2/22,8/6/22,27.393,539.117,0.171,3.155,0.137,1.525,2.39,0.399,7.606,0.166945607,0.0219,0.0587,0.0225,0.016,0.0137,0.4231,0.45,0.4326,0.4164,0.409,2.2939,0.736,2.29E-06,7.36E-07,2.29E-05,7.36E-06,0.0747,0.024,0.0836,0.0264,0.11,3.1167,3.07,22.034,28.851,19.441,34.753,0.305,0.277,0.705,95.228,172.043,1.807,3.506,12.724,-24.91,11.67,63.55,0.6659,147.4559,62.4247,1.3671,0.5437,0.1001,0.0294,0.6731,0.0813,14.2206,25.42094286,63.741,125.4621,0.275,0.0776,0.0209,0.0381,0.9951,0.0234,0.1796,0.1601,1.1746,7.3368,1.268
e_y_105_15,elv,inoc,105,15,6/17/22,1t,6/22/22,7/2/22,8/6/22,25.635,558.797,0.165,2.966,0.143,1.48,2.442,0.345,7.376,0.141277641,0.0215,0.0563,0.025,0.0134,0.0147,0.418,0.4563,0.4342,0.4314,0.4073,2.1458,0.5077,2.15E-06,5.08E-07,2.15E-05,5.08E-06,0.0695,0.0165,0.0778,0.0181,0.0959,4.2266,3.086,22.536,25.003,18.912,29.083,0.295,0.305,0.704,88.631,169.443,1.912,2.34,10.376,-24.49,7.55,75.43,0.6465,123.7033,64.3651,1.3858,0.4992,0.0972,0.0255,0.622,0.0837,13.64717857,20.98672143,64.1085,95.3541,0.2693,0.0808,0.0217,0.0328,1.0536,0.0194,0.1574,0.1547,1.211,7.8291,1.229
e_y_105_16,elv,inoc,105,16,6/17/22,1b,6/23/22,7/2/22,8/6/22,30.357,468.351,0.191,2.469,0.178,0.985,1.553,0.43,5.615,0.276883451,0.022,0.0591,0.0258,0.0152,0.0141,0.4219,0.447,0.4386,0.4229,0.3989,2.3413,0.4428,2.34E-06,4.43E-07,2.34E-05,4.43E-06,0.0778,0.0147,0.0871,0.0162,0.1033,5.2877,3.01,26.614,25.002,21.07,30.841,0.382,0.394,0.736,97.007,181.266,1.869,2.909,11.091,-25.45,7.66,75.11,0.6909,186.2095,62.9179,1.3861,0.5462,0.104,0.0255,0.6757,0.081,15.20111429,22.25048571,55.1571,78.2766,0.2469,0.0719,0.0139,0.0236,0.6567,0.0254,0.1922,0.1348,0.849,6.2992,0.936
e_y_140_17,elv,inoc,140,17,6/17/22,2t,6/23/22,7/2/22,8/6/22,20.808,524.333,0.111,2.96,0.104,1.594,2.158,0.335,7.151,0.15523633,0.0219,0.0586,0.0216,0.0154,0.0099,0.4211,0.4387,0.4256,0.4296,0.3565,1.6899,0,1.69E-06,0,1.69E-05,0,0.0541,0,0.0606,0,0.0606,NA,3.123,18.822,25.008,15.907,21.728,0.324,0.349,0.767,70.269,130.732,1.86,2.293,7.915,-25.06,13.23,59.5,0.6728,157.1857,53.3449,1.1683,0.4695,0.089,0.0182,0.5767,0.0764,13.61606429,18.59871429,49.0957,62.2579,0.2079,0.0685,0.0157,0.0333,0.9271,0.0196,0.147,0.1371,1.074,7.832,1.192
e_y_140_18,elv,inoc,140,18,6/17/22,2b,6/22/22,7/2/22,8/6/22,27.31,488.27,0.165,2.697,0.136,1.229,1.833,0.351,6.246,0.191489362,0.0249,0.0575,0.0214,0.0143,0.0139,0.4204,0.4556,0.44,0.4179,0.4281,1.5402,0,1.54E-06,0,1.54E-05,0,0.0505,0,0.0565,0,0.0565,NA,3.049,24.401,24.997,17.449,30.572,0.254,0.265,0.688,79.587,165.036,2.074,1.198,10.418,-24.55,8.46,73.1,0.6492,126.8118,60.4174,1.5032,0.4132,0.0873,0.0148,0.5154,0.0706,11.60801429,20.33814286,68.6969,115.366,0.2773,0.0651,0.0171,0.0262,0.766,0.0202,0.1599,0.1286,0.9259,7.201,1.041
e_y_140_19,elv,inoc,140,19,6/17/22,4t,6/23/22,7/2/22,8/6/22,31.772,598.526,0.268,3.685,0.152,1.389,1.902,0.518,7.646,0.2723449,0.0168,0.0588,0.0238,0.0162,0.0171,0.4143,0.442,0.4436,0.4304,0.4115,1.5679,0.2286,1.57E-06,2.29E-07,1.57E-05,2.29E-06,0.0521,0.0076,0.0584,0.0084,0.0667,6.8601,3.007,25.487,25.003,22.915,33.711,0.37,0.367,0.706,108.413,200.046,1.845,3.009,12.162,-25.29,14.87,54.82,0.6835,173.5988,84.351,1.4146,0.5982,0.1125,0.0243,0.7349,0.1194,16.19931429,23.83133571,61.9324,91.8556,0.2728,0.0946,0.0237,0.0307,0.8186,0.0305,0.229,0.1795,1.0475,5.8346,1.274
e_y_140_20,elv,inoc,140,20,6/17/22,1t,6/23/22,7/2/22,8/6/22,27.568,707.295,0.19,4.124,0.18,1.893,2.678,0.548,9.423,0.204630321,0.024,0.0578,0.0263,0.0156,0.0157,0.421,0.4528,0.4356,0.4409,0.4197,2.003,0.2703,2.00E-06,2.70E-07,2.00E-05,2.70E-06,0.065,0.0088,0.0728,0.0097,0.0825,7.4103,3.08,26.347,25.005,19.197,30.657,0.274,0.225,0.678,96.5,176.805,1.832,3.136,11.334,-25.16,10.18,68.19,0.6774,164.0881,68.9205,1.6534,0.4555,0.085,0.0183,0.5589,0.0771,11.6106,18.54176429,70.062,136.2533,0.3042,0.1173,0.0298,0.0419,1.1807,0.0317,0.2481,0.2206,1.4288,6.4781,1.571
e_y_210_21,elv,inoc,210,21,6/17/22,3t,6/23/22,7/2/22,8/6/22,20.368,558.312,0.105,3.418,0.117,1.514,2.361,0.296,7.706,0.125370606,0.029,0.0598,0.0216,0.0108,0.0122,0.4237,0.4383,0.447,0.4255,0.4158,NA,NA,NA,NA,NA,NA,NA,NA,NA,NA,NA,NA,3.058,21.726,25.006,17.225,26.391,0.317,0.321,0.746,73.236,142.798,1.95,1.55,9.364,-25.31,18.15,45.69,0.6844,175.1188,51.5515,1.4965,0.3819,0.0759,NA,NA,0.0569,11.50989286,17.63469286,54.3375,82.215,0.2087,0.0801,0.0184,0.0255,1.0046,0.0177,0.1297,0.1417,1.1343,8.0033,1.284
e_y_210_22,elv,inoc,210,22,6/17/22,6t,6/22/22,7/2/22,8/6/22,24.863,602.916,0.148,3.702,0.141,2.369,4.414,0.257,10.883,0.058223833,0.0185,0.0554,0.0192,0.0118,0.011,0.4201,0.4548,0.446,0.4068,0.4119,1.7539,0.3858,1.75E-06,3.86E-07,1.75E-05,3.86E-06,0.058,0.0128,0.0649,0.0141,0.0789,4.5462,3.025,21.098,25.008,15.085,22.647,0.274,0.282,0.746,68.667,134.047,1.952,2.545,8.514,-24.97,19.68,41.34,0.6687,151.2614,59.5262,1.0989,0.4877,0.097,0.0233,0.608,0.0947,13.72794286,20.60965714,55.0547,80.3085,0.2192,0.0763,0.026,0.0522,1.7955,0.0142,0.1169,0.1688,1.9124,11.3301,1.814
e_y_210_23,elv,inoc,210,23,6/17/22,1t,6/23/22,7/2/22,8/6/22,23.385,623.294,0.129,3.688,0.104,1.828,2.536,0.177,8.333,0.069794953,0.0255,0.0549,0.0191,0.0137,0.0101,0.4221,0.4501,0.4264,0.4557,0.409,1.5671,0,1.57E-06,0,1.57E-05,0,0.0498,0,0.0557,0,0.0557,NA,3.149,20.44,25.006,19.428,27.934,0.371,0.35,0.75,84.625,164.609,1.945,1.941,9.909,-24.55,19.79,41.03,0.6492,126.8118,55.1636,1.4083,0.469,0.093,0.0156,0.5775,0.0664,13.7951,19.8349,52.3666,79.8114,0.223,0.0764,0.0185,0.0346,1.1557,0.0097,0.0797,0.1392,1.2353,8.8723,1.389
e_y_210_24,elv,inoc,210,24,6/17/22,2t,6/22/22,7/2/22,8/6/22,24.857,778.588,0.153,4.77,0.118,2.587,3.64,0.278,11.393,0.076373626,0.0206,0.0572,0.02,0.0142,0.0101,0.4227,0.4296,0.4414,0.4566,0.3535,1.7086,1.4819,1.71E-06,1.48E-06,1.71E-05,1.48E-05,0.0557,0.0483,0.0624,0.0532,0.1156,1.153,3.067,22.424,24.991,15.039,22.154,0.274,0.288,0.746,69.622,130.373,1.873,2.773,8.191,-24.85,20.06,40.26,0.6631,143.7608,61.5521,1.2686,0.4283,0.0817,0.0388,0.5488,0.0859,11.85490714,17.46350714,54.8869,76.9236,0.2246,0.1007,0.0261,0.0517,1.6619,0.0159,0.1194,0.1944,1.7813,9.1615,1.899
e_y_280_25,elv,inoc,280,25,6/17/22,1b,6/22/22,7/2/22,8/6/22,31.947,748.133,0.261,4.852,0.193,2.592,3.295,0.239,11.171,0.072534143,0.0215,0.0585,0.0197,0.0148,0.0126,0.4269,0.4523,0.4383,0.4436,0.4132,3.356,2.3161,3.36E-06,2.32E-06,3.36E-05,2.32E-05,0.1099,0.0758,0.123,0.0836,0.2066,1.449,3.054,25.242,25.006,16.434,29.419,0.195,0.186,0.628,90.278,171.66,1.901,3.475,11.007,-23.2,16.71,39.17,0.5869,73.7939,81.6978,1.7598,0.4004,0.0776,0.0456,0.5236,0.0918,9.338714286,16.71751429,84.2769,158.1667,0.3497,0.1053,0.0326,0.0489,1.4617,0.014,0.1081,0.2008,1.5698,7.8195,1.862
e_y_280_26,elv,inoc,280,26,6/17/22,1b,6/23/22,7/2/22,8/6/22,22.24,851.228,0.139,5.626,0.162,3.146,4.421,0.204,13.559,0.046143406,0.022,0.0557,0.0195,0.0146,0.0111,0.4223,0.4498,0.4386,0.4517,0.4222,1.8565,0.9882,1.86E-06,9.88E-07,1.86E-05,9.88E-06,0.0603,0.0321,0.0675,0.0354,0.1029,1.8788,3.077,25.901,25.003,14.629,23.871,0.245,0.245,0.728,72.988,137.935,1.89,3.683,9.284,-23.86,18.77,32.09,0.6174,95.7741,62.5,1.3725,0.4151,0.0799,0.0272,0.5222,0.0811,10.65865,17.39235,59.7102,97.4327,0.252,0.1162,0.035,0.0644,1.9968,0.0114,0.0918,0.2269,2.0886,9.2043,2.26
e_y_280_27,elv,inoc,280,27,6/17/22,6b,6/22/22,7/2/22,8/6/22,27.458,924.723,0.232,6.573,0.173,3.553,5.527,0.439,16.265,0.079428261,0.0186,0.0572,0.02,0.0161,0.013,0.4229,0.4624,0.432,0.4535,0.4214,2.894,0.6444,2.89E-06,6.44E-07,2.89E-05,6.44E-06,0.094,0.0209,0.1052,0.0231,0.1282,4.4912,3.08,22.185,25.003,16.837,25.98,0.22,0.229,0.659,86.862,161.126,1.855,3.088,9.716,-23.54,18.1,34.39,0.6026,84.3351,84.4927,1.5749,0.4305,0.0814,0.0321,0.5439,0.1075,10.69054286,16.49582857,76.5318,113.4498,0.3147,0.1389,0.0464,0.0892,2.5067,0.0251,0.203,0.2996,2.7097,9.0436,2.711
e_y_280_28,elv,inoc,280,28,6/17/22,3t,6/22/22,7/2/22,8/6/22,29.164,706.491,0.22,4.406,0.198,2.009,3.488,0.231,10.332,0.066227064,0.0199,0.0567,0.042,0.0122,0.0097,0.4189,0.4532,0.5693,0.435,0.4192,2.078,0.9733,2.08E-06,9.73E-07,2.08E-05,9.73E-06,0.0668,0.0313,0.0747,0.0345,0.1092,2.1351,3.113,25.134,24.998,13.105,25.29,0.15,0.131,0.621,65.241,137.053,2.101,0.866,NA,-25.02,22.2,20.29,0.671,154.5199,75.4355,1.4997,0.3395,0.0727,0.0253,0.4376,0.0964,8.738664286,16.86385714,87.3667,193.0534,0.3417,0.1931,0.0195,0.0426,1.5172,0.0131,0.1047,0.2683,1.6219,6.0441,1.722
e_y_350_29,elv,inoc,350,29,6/17/22,2b,6/22/22,7/2/22,8/6/22,27.117,767.526,0.175,5.003,0.152,2.652,3.353,0.29,11.45,0.086489711,0.0249,0.0549,0.0197,0.0143,0.0093,0.4272,0.4387,0.416,0.4495,0.4232,1.8907,0.2171,1.89E-06,2.17E-07,1.89E-05,2.17E-06,0.0625,0.0072,0.0699,0.0079,0.0778,8.7095,3.026,25.323,25.006,18.53,26.812,0.249,0.248,0.663,108.985,189.622,1.74,6.11,10.866,-24.28,18.06,24.45,0.6368,113.4856,64.5352,1.6095,0.5285,0.0937,0.0189,0.6411,0.0723,11.51284286,16.65851429,74.4177,108.1129,0.3519,0.1067,0.0247,0.048,1.507,0.0159,0.1272,0.1954,1.6343,8.3621,1.908
e_y_350_30,elv,inoc,350,30,6/17/22,1b,6/22/22,7/2/22,8/6/22,28.205,696.336,0.194,4.484,0.177,2.108,3.311,0.28,10.36,0.084566596,0.0235,0.0573,0.0219,0.0155,0.0121,0.4255,0.4494,0.4324,0.4473,0.4151,1.812,0.1901,1.81E-06,1.90E-07,1.81E-05,1.90E-06,0.0592,0.0062,0.0663,0.0068,0.0731,9.5303,3.059,27.982,25.006,18.193,28.774,0.278,0.283,0.699,91.047,167.627,1.841,3.687,10.778,-23.5,16.34,31.28,0.6007,83.014,68.7821,1.6157,0.4398,0.0825,0.0179,0.5402,0.0787,11.26018571,17.80908571,65.4424,101.6749,0.281,0.1071,0.0255,0.0514,1.4811,0.016,0.1258,0.2,1.6069,8.0342,1.727
e_y_350_31,elv,inoc,350,31,6/17/22,4b,6/21/22,7/2/22,8/6/22,28.641,752.821,0.249,5.235,0.224,3.468,3.648,0.177,12.752,0.048519737,0.0177,0.0547,0.0178,0.0116,0.0088,0.4278,0.447,0.4365,0.4514,0.426,2.8771,0.679,2.88E-06,6.79E-07,2.88E-05,6.79E-06,0.0927,0.0219,0.1037,0.0241,0.1278,4.2372,3.104,26.496,24.997,16.019,28.813,0.171,0.173,0.593,83.612,161.638,1.933,1.031,9.815,-23.02,20.79,13.61,0.5786,68.7967,86.9383,1.5414,0.4234,0.0834,0.031,0.5378,0.1142,10.39239286,18.69255,93.6784,166.5491,0.374,0.1015,0.0307,0.0424,1.6469,0.0097,0.0791,0.1842,1.726,9.3679,2.125
e_y_350_32,elv,inoc,350,32,6/17/22,4b,6/22/22,7/2/22,8/6/22,28.841,711.044,0.242,5.122,0.187,2.849,6.955,0.093,15.206,0.013371675,0.0195,0.0603,0.0197,0.0097,0.0104,0.4261,0.4513,0.4474,0.4097,0.4285,2.9626,0.594,2.96E-06,5.94E-07,2.96E-05,5.94E-06,0.0973,0.0195,0.1089,0.0215,0.1303,4.9874,3.046,24.217,25.005,17.641,28.846,0.21,0.204,0.628,87.049,164.101,1.885,1.356,9.982,-23.04,20.66,14.13,0.5795,69.3336,83.9083,1.6337,0.4159,0.0799,0.0315,0.5273,0.1026,10.79822143,17.65690714,84.0048,141.402,0.3308,0.1094,0.0296,0.0673,2.8492,0.0056,0.042,0.2119,2.8912,13.6431,2.534
e_y_630_33,elv,inoc,630,33,6/17/22,2t,6/23/22,7/2/22,8/6/22,25.844,778.835,0.206,5.258,0.181,3.336,4.297,0.023,13.095,0.005352572,0.0286,0.0524,0.0318,0.0185,0.0216,0.4385,0.4502,0.4375,0.4336,0.414,3.1691,0.6946,3.17E-06,6.95E-07,3.17E-05,6.95E-06,0.103,0.0226,0.1153,0.0249,0.1401,4.5623,3.077,24.744,24.993,9.105,16.863,0.107,0.117,0.638,51.067,97.57,1.911,2.357,6.453,-21.12,14.4,2.02,0.4912,33.2154,79.709,2.2797,0.1748,0.034,0.0244,0.2332,0.0685,3.993985714,7.3971,85.0935,144.1282,0.3451,0.1781,0.0722,0.0793,1.863,0.0012,0.0104,0.3308,1.8733,5.6624,2.183
e_y_630_34,elv,inoc,630,34,6/17/22,3t,6/23/22,7/2/22,8/6/22,24.452,885.543,0.148,6.758,0.144,2.951,4.213,0.047,14.113,0.011155946,0.0422,0.0526,0.0157,0.0215,0.0256,0.4432,0.4403,0.3409,0.4241,0.4093,3.1491,0.608,3.15E-06,6.08E-07,3.15E-05,6.08E-06,0.1049,0.0202,0.1174,0.0223,0.1397,5.1798,3.003,23.908,24.998,18.585,32.112,0.208,0.217,0.605,123.578,214.502,1.736,6.967,12.936,-21.95,13.26,9.29,0.5294,45.5919,60.5267,2.5518,0.378,0.0669,0.02,0.4648,0.0417,7.283071429,12.58402143,89.351,147.9816,0.426,0.1185,0.0756,0.0906,1.7866,0.0025,0.0207,0.2871,1.8073,6.2949,2.352
e_y_630_35,elv,inoc,630,35,6/17/22,4b,6/21/22,7/2/22,8/6/22,27.962,997.52,0.168,7.008,0.156,3.636,4.708,0.037,15.545,0.007858963,0.0366,0.05,0.0286,0.0181,0.0218,0.4424,0.4486,0.4355,0.4334,0.4139,4.0686,0.9696,4.07E-06,9.70E-07,4.07E-05,9.70E-06,0.1343,0.032,0.1503,0.0353,0.1856,4.1961,3.029,27.569,25.002,18.086,23.177,0.284,0.297,0.707,77.265,137.307,1.777,1.025,8.007,-22.8,13.22,9.54,0.5685,63.1746,60.0815,2.1966,0.2745,0.0497,0.0326,0.3569,0.048,8.233707143,10.5514,63.6831,78.037,0.2329,0.2121,0.0792,0.0851,2.0406,0.0019,0.0166,0.3783,2.0572,5.4388,2.591
e_y_630_36,elv,inoc,630,36,6/17/22,2t,6/22/22,7/2/22,8/6/22,34.066,1157.434,0.27,7.746,0.243,4.152,4.811,0.035,16.987,0.007274995,0.029,0.0479,0.0285,0.0162,0.0217,0.438,0.4293,0.4341,0.4363,0.4185,3.5354,0.6949,3.54E-06,6.95E-07,3.54E-05,6.95E-06,0.1161,0.0228,0.1299,0.0251,0.155,5.0878,3.046,32.652,24.993,18.27,28.983,0.226,0.23,0.638,96.544,174.996,1.813,2.891,10.604,-21.8,15.11,0,0.5225,43.0551,79.2579,2.2945,0.3284,0.0607,0.0262,0.4152,0.0675,7.962464286,12.63142143,80.8407,126.013,0.344,0.236,0.0903,0.0781,2.0989,0.0017,0.015,0.4061,2.114,5.2054,2.831
e_n_0_37,elv,no.inoc,0,37,6/17/22,5t,6/23/22,7/2/22,8/6/22,5.7,43.154,0.027,0.202,0.016,0.238,0.378,0.037,0.871,0.097883598,0.0139,0.0455,0.0161,0.009,0.0088,0.4015,0.4522,0.3933,0.3866,0.4135,0.3073,0,3.07E-07,0,3.07E-06,0,0.0251,0,0.0281,0,0.0281,NA,1.223,3.461,24.992,4.479,8.222,0.06,0.065,0.688,27.158,51.691,1.903,2.246,3.675,-25.21,-1.99,0,0.6798,167.6719,47.3684,0.6579,0.3222,0.0625,0.0159,0.4006,0.1151,6.807535714,12.49644286,74.65,126.4923,0.3003,0.0039,0.0021,0.0034,0.1461,0.0017,0.0167,0.011,0.1629,14.7604,0.145
e_n_0_38,elv,no.inoc,0,38,6/17/22,4t,6/23/22,7/2/22,8/6/22,5.698,32.139,0.021,0.106,0.015,0.133,0.407,0.005,0.666,0.012285012,0.0247,0.0467,0.0163,0.0109,0.0103,0.4046,0.4437,0.3521,0.3909,0.4066,0.3048,0,3.05E-07,0,3.05E-06,0,0.0247,0,0.0277,0,0.0277,NA,1.233,4.208,24.997,7.05,11.785,0.114,0.125,0.731,35.631,66.881,1.877,1.931,4.628,-23.84,-1.73,0,0.6164,95.0111,36.855,0.9092,0.3059,0.0585,0.0114,0.3758,0.0587,7.75395,12.96175,61.8421,94.28,0.2511,0.0026,0.0014,0.0044,0.1591,0.0002,0.0022,0.0086,0.1613,18.6518,0.111
e_n_0_39,elv,no.inoc,0,39,6/17/22,2b,6/23/22,7/2/22,8/6/22,8.056,50.355,0.052,0.204,0.029,0.247,0.621,0.022,1.123,0.035426731,0.0071,0.0302,0.0124,0.0077,0.0053,0.3893,0.4374,0.3969,0.4072,0.4058,1.2219,1.4797,1.22E-06,1.48E-06,1.22E-05,1.48E-05,0.0377,0.0456,0.0421,0.0503,0.0924,0.8257,3.245,4.704,24.998,2.548,5.1,0.037,0.039,0.71,19.949,37.385,1.874,2.459,NA,-23.06,-0.22,100,0.5805,69.875,64.5482,0.4602,0.3383,0.0646,0.0764,0.4793,0.2529,5.536378571,11.08145714,68.8649,130.7692,0.3455,0.0031,0.0013,0.0048,0.2529,0.0007,0.0096,0.0098,0.2625,26.6884,0.187
e_n_0_40,elv,no.inoc,0,40,6/17/22,2b,6/23/22,7/2/22,8/6/22,7.137,54.588,0.046,0.221,0.028,0.189,0.374,0.041,0.853,0.109625668,0.0132,0.048,0.0195,0.0089,0.0102,0.4084,0.4471,0.403,0.4192,0.3899,0.7778,0,7.78E-07,0,7.78E-06,0,0.0318,0,0.0356,0,0.0356,NA,2.448,4.793,24.988,13.969,22.416,0.201,0.217,0.691,58.454,116.19,1.988,0.053,7.333,-24.42,-2.41,0,0.6432,120.1858,64.4529,0.854,0.5342,0.1082,0.0167,0.6591,0.136,16.35713571,26.24823571,69.4975,103.2995,0.2473,0.0053,0.0019,0.0033,0.1568,0.002,0.0183,0.0125,0.1751,14.0028,0.142
e_n_35_41,elv,no.inoc,35,41,6/17/22,4b,6/23/22,7/2/22,8/6/22,13.315,119.404,0.068,0.682,0.045,0.391,0.698,0.062,1.878,0.088825215,0.0165,0.0529,0.0145,0.0132,0.0084,0.4086,0.449,0.4074,0.4154,0.4026,2.399,0.5062,2.40E-06,5.06E-07,2.40E-05,5.06E-06,0.0795,0.0168,0.089,0.0185,0.1074,4.7397,3.018,8.251,25,13.019,20.251,0.186,0.182,0.69,64.619,116.825,1.808,2.437,7.441,-25.43,9.08,43.14,0.6899,184.5753,51.0702,0.8406,0.6,0.1105,0.0435,0.754,0.1,15.48745714,24.09067143,69.9946,111.2692,0.2822,0.0117,0.0033,0.0092,0.29,0.0033,0.0278,0.0275,0.3178,11.5529,0.313
e_n_35_42,elv,no.inoc,35,42,6/17/22,1b,6/23/22,7/2/22,8/6/22,10.497,130.509,0.055,0.638,0.031,0.313,1.074,0.061,2.117,0.05679702,0.0147,0.0442,0.0131,0.0107,0.0092,0.3984,0.4494,0.4043,0.4364,0.4066,0.3941,0,3.94E-07,0,3.94E-06,0,0.0127,0,0.0142,0,0.0142,NA,3.111,6.411,25.008,7.764,13.485,0.115,0.117,0.708,32.838,67.192,2.046,0.388,4.618,-24.44,18.78,0,0.6441,121.1791,52.3959,0.7681,0.3337,0.0696,0.0073,0.4105,0.1134,10.10774286,17.55575714,67.513,115.2564,0.2288,0.0096,0.0029,0.0115,0.4687,0.0027,0.0274,0.0267,0.4961,18.5731,0.353
e_n_35_43,elv,no.inoc,35,43,6/17/22,6t,6/23/22,7/2/22,8/6/22,10.973,99.038,0.074,0.51,0.042,0.365,0.732,0.039,1.688,0.053278689,0.0097,0.049,0.0183,0.0123,0.0077,0.3845,0.4494,0.4294,0.3802,0.4133,0.2646,0,2.65E-07,0,2.65E-06,0,0.0141,0,0.0158,0,0.0158,NA,1.874,7.321,25,6.141,10.48,0.11,0.112,0.755,27.399,56.723,2.07,1.272,NA,-23.24,15.94,4.35,0.5888,74.9565,67.4383,0.6542,0.3269,0.069,0.0103,0.4062,0.1891,9.387742857,16.02076429,55.8273,93.5714,0.1759,0.0105,0.0028,0.009,0.2783,0.0019,0.0175,0.0242,0.2958,12.2206,0.281
e_n_35_44,elv,no.inoc,35,44,6/17/22,3t,6/23/22,7/2/22,8/6/22,8.263,106.57,0.032,0.614,0.022,0.257,0.671,0.04,1.604,0.059612519,0.0208,0.0414,0.0123,0.0083,0.0079,0.4009,0.4393,0.4053,0.4103,0.4073,0.2722,0,2.72E-07,0,2.72E-06,0,0.0088,0,0.0098,0,0.0098,NA,3.095,6.332,24.993,6.71,11.675,0.098,0.109,0.707,27.558,56.606,2.054,0.033,4.157,-24.39,17.48,0,0.6418,118.7132,38.7269,0.8071,0.2665,0.0558,0.0049,0.3272,0.0709,8.31405,14.46595,68.4694,107.1101,0.2324,0.0087,0.002,0.0056,0.2753,0.0017,0.0176,0.018,0.2929,16.2943,0.267
e_n_70_45,elv,no.inoc,70,45,6/17/22,5t,6/23/22,7/2/22,8/6/22,16.276,170.792,0.082,1.011,0.058,0.441,0.871,0.064,2.445,0.07347876,0.0178,0.0522,0.0136,0.0105,0.0098,0.4102,0.4566,0.4033,0.4061,0.3952,1.7632,0.3749,1.76E-06,3.75E-07,1.76E-05,3.75E-06,0.0579,0.0123,0.0648,0.0136,0.0784,4.7029,3.044,9.852,24.993,9.394,17.675,0.131,0.153,0.689,46.533,95.193,2.046,1.881,6.751,-24.86,28.45,0,0.6636,144.3691,50.3809,0.8953,0.4057,0.0846,0.0273,0.5175,0.0921,10.49293571,19.74266429,71.7099,115.5229,0.2738,0.0162,0.0043,0.0091,0.3537,0.0033,0.0292,0.033,0.383,11.6135,0.408
e_n_70_46,elv,no.inoc,70,46,6/17/22,1t,6/23/22,7/2/22,8/6/22,11.055,105.974,0.073,0.52,0.059,0.25,0.835,0.027,1.691,0.032335329,0.0113,0.0348,0.0154,0.0093,0.0065,0.4008,0.4471,0.4246,0.4414,0.4102,0.5628,0,5.63E-07,0,5.63E-06,0,0.018,0,0.0201,0,0.0201,NA,3.128,11.041,25.003,7.839,14.109,0.112,0.114,0.698,38.901,75.402,1.938,1.539,5.381,-24.9,28.28,0,0.6654,146.8325,66.0335,0.7442,0.408,0.0806,0.0122,0.5007,0.1614,10.5335,18.95868571,69.9911,123.7632,0.2773,0.0095,0.0016,0.0077,0.3685,0.0009,0.0121,0.0198,0.3806,19.2097,0.282
e_n_70_47,elv,no.inoc,70,47,6/17/22,4t,6/22/22,7/2/22,8/6/22,26.667,330.143,0.183,1.911,0.12,0.796,1.478,0.267,4.572,0.180649526,0.0191,0.056,0.0187,0.0125,0.015,0.4163,0.4538,0.419,0.4269,0.4112,1.3901,0.347,1.39E-06,3.47E-07,1.39E-05,3.47E-06,0.0453,0.0113,0.0507,0.0125,0.0632,4.006,3.067,18.359,25.013,21.037,33.692,0.271,0.263,0.647,99.741,191.087,1.916,1.095,11.241,-25.65,8.13,68.88,0.7001,203.5325,68.6241,1.3114,0.5936,0.1159,0.0184,0.7279,0.0966,16.04154286,25.69148571,77.6273,128.1065,0.3139,0.0415,0.012,0.0185,0.6309,0.015,0.1212,0.087,0.7521,8.649,0.762
e_n_70_48,elv,no.inoc,70,48,6/17/22,5b,6/23/22,7/2/22,8/6/22,12.503,128.97,0.061,0.746,0.059,0.39,0.714,0.075,1.984,0.105042017,0.0186,0.0372,0.0134,0.009,0.0089,0.3992,0.4436,0.3942,0.4058,0.4217,1.2075,0.2155,1.21E-06,2.16E-07,1.21E-05,2.16E-06,0.0402,0.0072,0.045,0.0079,0.0529,5.6021,3.006,10.581,24.996,9.549,15.596,0.163,0.176,0.739,40.507,80.479,1.987,0.98,5.59,-26.87,22.94,18.25,0.7567,364.2071,48.7883,0.9075,0.3484,0.0705,0.0185,0.4375,0.0869,10.52275,17.18639286,58.5828,88.6136,0.1987,0.0123,0.0035,0.0065,0.2897,0.0028,0.0333,0.025,0.323,12.9324,0.331
e_n_105_49,elv,no.inoc,105,49,6/17/22,2t,6/23/22,7/2/22,8/6/22,20.23,208.274,0.109,1.036,0.092,0.737,1.27,0,3.135,0,0.0156,NA,0.0159,0.009,0.0073,0.4074,NA,0.4056,0.4102,0.3991,0.8108,0,8.11E-07,0,8.11E-06,0,0.0261,0,0.0292,0,0.0292,NA,3.111,16.973,24.988,7.564,15.642,0.083,0.109,0.614,45.013,89.017,1.978,1.983,5.772,-23.13,32.92,2.31,0.5837,71.8058,53.8804,0.8405,0.418,0.0842,0.0125,0.5147,0.1077,8.999042857,18.6096,91.1325,143.5046,0.3875,0.0196,0.0054,0.0115,0.5209,0,0,0.0365,0.5209,14.2901,0.523
e_n_105_50,elv,no.inoc,105,50,6/17/22,1t,6/22/22,7/2/22,8/6/22,17.234,176.261,0.094,0.982,0.073,0.547,1.033,0.04,2.675,0.038722168,0.0076,0.0365,0.015,0.0087,0.0083,0.2071,0.4377,0.4194,0.4441,0.4199,1.0227,0.051,1.02E-06,5.10E-08,1.02E-05,5.10E-07,0.034,0.0017,0.0381,0.0019,0.0399,20.064,3.007,13.68,24.999,11.844,18.361,0.217,0.228,0.752,56.107,108.323,1.931,2.502,6.96,-24.33,31.72,5.76,0.6391,115.8288,54.5433,0.414,1.0578,0.2081,0.0359,1.3017,0.2225,28.6098,44.35195714,54.5806,80.5307,0.229,0.016,0.0045,0.009,0.4588,0.0015,0.0175,0.031,0.4763,15.3624,0.446
e_n_105_51,elv,no.inoc,105,51,6/17/22,6t,6/23/22,7/2/22,8/6/22,18.571,187.902,0.095,1.045,0.071,0.673,1.529,0,3.318,0,0.0188,NA,0.0137,0.0085,0.0076,0.4064,NA,0.4048,0.4125,0.3927,1.0382,0.0714,1.04E-06,7.14E-08,1.04E-05,7.14E-07,0.0335,0.0023,0.0375,0.0025,0.04,14.5363,3.101,13.42,24.995,7.68,15.393,0.114,0.125,0.708,38.679,83.057,2.147,1.803,NA,-23.81,33.89,0,0.6151,93.8792,51.155,0.9638,0.3132,0.0685,0.0146,0.3964,0.0874,7.968785714,15.97180714,67.3684,123.144,0.2694,0.0175,0.0051,0.013,0.6308,0,0,0.0356,0.6308,17.7375,0.553
e_n_105_52,elv,no.inoc,105,52,6/17/22,6t,6/22/22,7/2/22,8/6/22,15.699,227.629,0.099,1.134,0.066,0.739,1.416,0.012,3.367,0.008474576,0.0144,0.0439,0.0153,0.0089,0.0076,0.4048,0.4507,0.4174,0.4114,0.4173,0.9082,0.1282,9.08E-07,1.28E-07,9.08E-06,1.28E-06,0.0294,0.0041,0.0329,0.0046,0.0375,7.086,3.089,10.791,24.999,5.32,8.986,0.103,0.106,0.771,26.13,51.681,1.978,1.741,3.595,-23.1,36.35,0,0.5823,70.9714,63.0613,0.9106,0.224,0.0451,0.0154,0.2845,0.1238,5.842264286,9.868157143,51.6505,84.7736,0.1914,0.0198,0.0056,0.0126,0.5826,0.0005,0.0054,0.0385,0.588,15.254,0.561
e_n_140_53,elv,no.inoc,140,53,6/17/22,3t,6/23/22,7/2/22,8/6/22,13.61,288.137,0.055,1.649,0.049,1.418,1.907,0,5.023,0,0.024,NA,0.0146,0.0092,0.0116,0.4039,NA,0.4203,0.4207,0.4077,0.5927,0.0479,5.93E-07,4.79E-08,5.93E-06,4.79E-07,0.0191,0.0015,0.0214,0.0017,0.0231,12.3757,3.098,12.079,24.997,7.904,14.791,0.109,0.123,0.688,41.917,81.985,1.956,2.126,5.857,-23.84,33.2,2.56,0.6164,95.0111,40.4115,0.9695,0.3375,0.0673,0.0086,0.4134,0.0626,8.1529,15.25677143,72.5138,120.252,0.2956,0.0265,0.0165,0.0175,0.8022,0,0,0.0605,0.8022,13.2639,0.837
e_n_140_54,elv,no.inoc,140,54,6/17/22,2t,6/23/22,7/2/22,8/6/22,14.917,191.028,0.092,0.975,0.123,0.925,1.631,0.014,3.668,0.008583691,0.0158,0.0492,0.0184,0.0087,0.0076,0.4072,0.4446,0.4338,0.4162,0.4074,1.0408,0.1725,1.04E-06,1.73E-07,1.04E-05,1.73E-06,0.0335,0.0055,0.0375,0.0061,0.0436,6.0331,3.109,16.652,25.001,14.378,22.673,0.199,0.202,0.679,69.468,132.232,1.903,1.971,8.37,-25.42,35.87,0,0.6895,183.7646,61.6746,0.9738,0.5568,0.108,0.0136,0.6783,0.1122,14.7642,23.28201429,72.2513,112.2426,0.2864,0.0213,0.0071,0.0142,0.6788,0.0007,0.0062,0.0432,0.685,15.8426,0.611
e_n_140_55,elv,no.inoc,140,55,6/17/22,2b,6/22/22,7/2/22,8/6/22,18.399,326.223,0.078,1.809,0.062,1.196,1.843,0,4.91,0,0.0247,NA,0.0188,0.0107,0.011,0.4131,NA,0.4277,0.427,0.3996,0.7327,0.1162,7.33E-07,1.16E-07,7.33E-06,1.16E-06,0.0236,0.0037,0.0264,0.0041,0.0306,6.3037,3.101,15.353,24.999,10.784,18.884,0.158,0.17,0.7,59.54,113.022,1.898,3.673,7.444,-24.22,33.74,1.02,0.634,110.7441,42.3936,1.0475,0.4436,0.0858,0.0111,0.5406,0.0619,10.29453571,18.02689286,68.2532,111.0824,0.2945,0.0374,0.0132,0.0198,0.787,0,0,0.0704,0.787,11.1844,0.818
e_n_140_56,elv,no.inoc,140,56,6/17/22,6b,6/23/22,7/2/22,8/6/22,13.93,254.612,0.086,1.422,0.066,0.853,2.19,0,4.531,0,0.0131,NA,0.0142,0.0112,0.0072,0.4107,NA,0.4354,0.4192,0.4071,0.9386,0,9.39E-07,0,9.39E-06,0,0.0295,0,0.033,0,0.033,NA,3.185,10.717,24.994,7.622,13.816,0.117,0.108,0.716,38.719,77.833,2.01,2.244,5.361,-23.87,33.58,1.48,0.6178,96.1581,61.7373,0.8094,0.3734,0.0765,0.0149,0.4647,0.1352,9.417135714,17.06995,65.1453,127.9259,0.2442,0.0223,0.0062,0.0244,0.9181,0,0,0.0529,0.9181,17.3643,0.755
e_n_210_57,elv,no.inoc,210,57,6/17/22,4b,6/23/22,7/2/22,8/6/22,18.451,493.19,0.091,2.977,0.078,1.55,2.492,0.013,7.11,0.005216693,0.0172,0.0441,0.0152,0.0118,0.0082,0.416,0.4511,0.4192,0.4214,0.4076,1.0995,0.1128,1.10E-06,1.13E-07,1.10E-05,1.13E-06,0.0353,0.0036,0.0395,0.004,0.0435,9.7471,3.115,15.564,25.006,14.018,18.87,0.306,0.304,0.783,65.442,122.641,1.874,3.361,7.76,-26.19,34.36,0,0.7252,260.9099,49.3198,0.8498,0.6011,0.1148,0.0183,0.7342,0.0942,16.49602143,22.20573571,45.8105,62.0724,0.1979,0.0483,0.0127,0.0295,1.05,0.0006,0.0059,0.091,1.0559,11.6085,1.185
e_n_210_58,elv,no.inoc,210,58,6/17/22,1t,6/23/22,7/2/22,8/6/22,19.551,619.414,0.105,3.878,0.087,2.246,3.923,0.017,10.151,0.004333418,0.0196,0.0601,0.0178,0.0114,0.0079,0.4183,0.4493,0.4209,0.4501,0.429,1.0204,0.1814,1.02E-06,1.81E-07,1.02E-05,1.81E-06,0.0324,0.0058,0.0363,0.0064,0.0426,5.6261,3.147,17.016,24.982,13.361,21.266,0.26,0.275,0.762,59.04,116.455,1.972,2.027,7.589,-24.56,33.54,1.98,0.6497,127.3385,53.7057,1.0499,0.4389,0.0882,0.0155,0.5426,0.0859,12.72541429,20.25437143,51.3885,77.3309,0.2034,0.0727,0.0177,0.0448,1.7657,0.001,0.0076,0.1363,1.7733,13.0095,1.692
e_n_210_59,elv,no.inoc,210,59,6/17/22,5b,6/23/22,7/2/22,8/6/22,24.671,333.367,0.146,1.792,0.13,1.01,2.103,0.06,5.095,0.02853067,0.0181,0.0466,0.017,0.0119,0.0094,0.4132,0.448,0.4379,0.4171,0.4075,1.6561,0.1969,1.66E-06,1.97E-07,1.66E-05,1.97E-06,0.0532,0.0063,0.0595,0.007,0.0665,8.4122,3.113,20.013,25.005,14.32,23.448,0.235,0.223,0.723,67.931,129.865,1.912,2.818,8.76,-25.22,35.4,0,0.6802,168.3996,59.1788,1.0705,0.4953,0.0965,0.0206,0.6123,0.0964,13.37637143,21.90287857,60.9362,105.148,0.2388,0.0354,0.0095,0.025,0.8772,0.0028,0.0269,0.0727,0.9041,12.4405,0.849
e_n_210_60,elv,no.inoc,210,60,6/17/22,5b,6/23/22,7/2/22,8/6/22,15.592,437.372,0.08,2.907,0.075,1.617,2.951,0.039,7.589,0.013215859,0.0175,0.0498,0.0142,0.0094,0.007,0.4148,0.4445,0.4164,0.432,0.4163,0.7801,0,7.80E-07,0,7.80E-06,0,0.0252,0,0.0282,0,0.0282,NA,3.094,14.636,24.996,8.005,13.041,0.165,0.183,0.781,32.632,66.516,2.038,0.936,NA,-25.02,34.81,0,0.671,154.5199,51.3084,0.8984,0.2835,0.0589,0.0114,0.3538,0.0942,8.910192857,14.51565,48.5152,71.2623,0.1533,0.0438,0.0113,0.0276,1.2749,0.0019,0.0173,0.0847,1.2923,15.2656,1.265
e_n_280_61,elv,no.inoc,280,61,6/17/22,6b,6/23/22,7/2/22,8/6/22,22.523,725.262,0.185,5.556,0.154,3.347,6.366,0,15.423,0,0.013,NA,0.0153,0.0117,0.0082,0.4177,NA,0.4446,0.4431,0.4244,1.5744,0.0486,1.57E-06,4.86E-08,1.57E-05,4.86E-07,0.0508,0.0016,0.0568,0.0017,0.0585,32.3857,3.101,19.498,25.007,8.031,16.283,0.104,0.104,0.671,46.356,94.718,2.043,2.822,6.426,-23.26,29.1,0,0.5897,75.5452,82.1383,1.0686,0.3386,0.0705,0.0207,0.4298,0.1523,7.515307143,15.23742857,77.2212,156.5673,0.3273,0.0896,0.0276,0.0747,2.8208,0,0,0.1919,2.8208,14.6998,2.571
e_n_280_62,elv,no.inoc,280,62,6/17/22,1b,6/23/22,7/2/22,8/6/22,19.026,662.91,0.128,4.617,0.096,2.474,4.033,0.037,11.257,0.009174312,0.0185,0.0417,0.0161,0.0124,0.0079,0.4103,0.4522,0.4248,0.4555,0.4204,0.9089,0.1006,9.09E-07,1.01E-07,9.09E-06,1.01E-06,0.0307,0.0034,0.0344,0.0037,0.0381,9.0326,2.961,15.973,24.994,11.238,19.293,0.163,0.176,0.697,62.489,114.559,1.833,3.956,8.08,-24.09,27.1,3.44,0.628,105.0558,67.2764,1.246,0.3914,0.0731,0.0124,0.477,0.099,9.019564286,15.48447143,68.9448,109.6193,0.295,0.0786,0.0195,0.0499,1.8371,0.0015,0.0167,0.1495,1.8538,12.3984,1.876
e_n_280_63,elv,no.inoc,280,63,6/17/22,1b,6/23/22,7/2/22,8/6/22,25.633,538.246,0.18,3.118,0.141,1.619,2.708,0.071,7.657,0.026218612,0.022,0.0362,0.0188,0.0121,0.0091,0.4163,0.4363,0.429,0.4402,0.3901,1.7196,0.2714,1.72E-06,2.71E-07,1.72E-05,2.71E-06,0.0563,0.0089,0.0631,0.0098,0.0729,6.337,3.052,20.301,25.002,14.485,26.13,0.169,0.146,0.626,82.12,154.642,1.883,3.611,NA,-24.72,27.11,3.4,0.6571,136.1154,70.222,1.5484,0.4139,0.0794,0.0173,0.5107,0.0845,9.35485,16.87554286,85.7101,178.9726,0.3573,0.0658,0.0147,0.0327,1.1921,0.0026,0.031,0.1158,1.2231,10.5635,1.276
e_n_280_64,elv,no.inoc,280,64,6/17/22,4t,6/23/22,7/2/22,8/6/22,26.301,543.052,0.142,3.72,0.141,1.624,3.036,0.055,8.576,0.018115942,0.0231,0.0451,0.0151,0.0121,0.0079,0.452,0.4435,0.4323,0.421,0.423,1.2578,0.2549,1.26E-06,2.55E-07,1.26E-05,2.55E-06,0.0405,0.0082,0.0453,0.009,0.0543,4.9341,3.107,23.364,24.999,15.462,25.612,0.245,0.249,0.713,74.569,144.326,1.935,2.85,9.4,-25.58,28.07,0.1,0.6969,197.2597,53.9903,1.245,0.4675,0.0922,0.0142,0.5739,0.0729,12.41910714,20.5716,63.1102,102.8594,0.2599,0.0626,0.0128,0.0368,1.2781,0.0025,0.0244,0.1147,1.3025,11.3547,1.429
e_n_350_65,elv,no.inoc,350,65,6/17/22,4b,6/22/22,7/2/22,8/6/22,23.937,703.53,0.158,4.593,0.119,2.42,4.294,0.011,11.437,0.002561714,0.021,0.0457,0.0174,0.0108,0.0091,0.4201,0.4451,0.432,0.4283,0.4197,2.2095,0.2074,2.21E-06,2.07E-07,2.21E-05,2.07E-06,0.0729,0.0068,0.0816,0.0075,0.0892,10.6534,3.03,18.873,24.997,16.862,25.286,0.224,0.233,0.663,100.459,176.515,1.757,5.97,10.32,-24.07,24.58,0,0.6271,104.2101,66.0066,1.3868,0.5654,0.1012,0.0245,0.6911,0.0866,12.15893571,18.23335714,75.2768,108.5236,0.3519,0.0856,0.022,0.0465,1.8391,0.0005,0.0049,0.1546,1.844,11.9291,1.906
e_n_350_66,elv,no.inoc,350,66,6/17/22,5t,6/23/22,7/2/22,8/6/22,27.579,820.404,0.193,5.627,0.193,2.714,5.183,0.027,13.744,0.005209338,0.0201,0.0491,0.0162,0.0108,0.0093,0.4149,0.4482,0.4105,0.4258,0.4116,1.9269,0.2967,1.93E-06,2.97E-07,1.93E-05,2.97E-06,0.0628,0.0097,0.0703,0.0107,0.0809,6.4956,3.069,25.276,25.005,15.231,25.281,0.247,0.24,0.719,72.208,142.003,1.967,2.806,9.328,-24.94,24.02,0.79,0.6673,149.3446,69.9808,1.408,0.4003,0.0802,0.0192,0.4996,0.0925,10.81737143,17.95508571,61.664,105.3375,0.2454,0.0987,0.0252,0.0562,2.207,0.0013,0.0121,0.1814,2.2191,12.23,2.291
e_n_350_67,elv,no.inoc,350,67,6/17/22,4t,6/22/22,7/2/22,8/6/22,25.391,897.075,0.165,6.419,0.156,3.267,3.938,0,13.78,0,0.0219,NA,0.0171,0.0124,0.0088,0.4239,NA,0.4248,0.4461,0.4168,1.9437,0.4733,1.94E-06,4.73E-07,1.94E-05,4.73E-06,0.0633,0.0154,0.0709,0.017,0.0879,4.1067,3.069,22.295,25.001,16.486,27.932,0.222,0.229,0.667,77.303,151.165,1.955,1.352,9.668,-24.09,24.7,0,0.628,105.0558,64.9837,1.4238,0.4238,0.0844,0.0208,0.529,0.0825,11.57894286,19.61803571,74.2613,121.9738,0.2913,0.1167,0.0287,0.0488,1.7568,0,0,0.1943,1.7568,9.0409,2.297
e_n_350_68,elv,no.inoc,350,68,6/17/22,6t,6/23/22,7/2/22,8/6/22,28.395,878.941,0.241,6.24,0.2,2.87,7.848,0,17.158,0,0.0193,NA,0.0197,0.012,0.0101,0.4248,NA,0.4418,0.4098,0.4037,2.9228,0.6999,2.92E-06,7.00E-07,2.92E-05,7.00E-06,0.0946,0.0227,0.1059,0.025,0.1308,4.1758,3.09,24.576,25.009,17.214,29.181,0.23,0.237,0.664,87.334,168.79,1.933,2.863,10.61,-23.22,23.58,2.54,0.5878,74.3728,84.8741,1.6364,0.4166,0.082,0.0303,0.5289,0.1041,10.51960714,17.83273571,74.8435,123.1266,0.3099,0.1316,0.0289,0.0943,3.2157,0,0,0.2547,3.2157,12.625,2.86
e_n_630_69,elv,no.inoc,630,69,6/17/22,6b,6/23/22,7/2/22,8/6/22,31.452,1103.637,0.303,9.359,0.314,3.898,6.668,0,20.239,0,0.0259,NA,0.026,0.0183,0.0185,0.4358,NA,0.4278,0.4333,0.4258,4.755,0.929,4.75E-06,9.29E-07,4.75E-05,9.29E-06,0.1509,0.0295,0.1689,0.0325,0.2014,5.1185,3.151,33.734,24.997,14.46,28.022,0.155,0.164,0.595,85.622,163.02,1.904,3.374,10.668,-21.75,15.29,0,0.5202,42.2416,96.3373,2.4951,0.2678,0.052,0.0304,0.3502,0.0814,5.795278571,11.23065,93.2903,170.8659,0.3947,0.2596,0.0723,0.1221,2.889,0,0,0.454,2.889,6.364,3.373
e_n_630_70,elv,no.inoc,630,70,6/17/22,5t,6/22/22,7/2/22,8/6/22,24.385,814.075,0.141,5.81,0.159,2.803,3.804,0,12.576,0,0.0435,NA,0.0344,0.0224,0.0269,0.4359,NA,0.4684,0.4246,0.4116,4.2147,0.9536,4.21E-06,9.54E-07,4.21E-05,9.54E-06,0.1375,0.0311,0.1539,0.0343,0.1882,4.42,3.065,23.635,24.995,15.835,27.389,0.186,0.204,0.626,87.379,160.402,1.836,3.161,10.135,-22.21,14.34,2.41,0.5413,50.3555,57.8224,2.5164,0.271,0.0507,0.0234,0.3451,0.0397,6.292635714,10.88405714,85.1344,134.2598,0.3579,0.2132,0.0754,0.0853,1.6151,0,0,0.3739,1.6151,4.3194,2.096
e_n_630_71,elv,no.inoc,630,71,6/17/22,5b,6/22/22,7/2/22,8/6/22,22.986,781.686,0.147,6.073,0.163,3.015,7.949,0,17.2,0,0.0307,NA,0.0247,0.0144,0.0244,0.439,NA,0.4281,0.431,0.4082,3.5117,0.9811,3.51E-06,9.81E-07,3.51E-05,9.81E-06,0.1153,0.0322,0.129,0.0355,0.1645,3.5794,3.046,22.924,25.006,16.838,24.675,0.23,0.242,0.671,84.418,152.298,1.804,2.984,9.022,-22.41,14.99,0,0.5505,54.3663,63.952,1.9633,0.3356,0.0617,0.0274,0.4247,0.0585,8.576264286,12.56796429,73.2087,101.9628,0.2953,0.1593,0.0734,0.1147,3.4258,0,0,0.3475,3.4258,9.8587,2.867
e_n_630_72,elv,no.inoc,630,72,6/17/22,2t,6/23/22,7/2/22,8/6/22,30.206,856.88,0.216,6.091,0.185,3.17,4.397,0,13.843,0,0.0296,NA,0.0306,0.0155,0.0205,0.4365,NA,0.4417,0.4568,0.4126,3.7269,0.7714,3.73E-06,7.71E-07,3.73E-05,7.71E-06,0.1188,0.0246,0.1329,0.0271,0.16,4.8316,3.138,26.446,24.988,17.679,25.054,0.232,0.241,0.658,90.645,156.771,1.73,2.867,9.267,-22.28,14.25,2.98,0.5445,51.7233,71.509,2.1181,0.334,0.0589,0.0281,0.421,0.0634,8.34665,11.82855,76.2026,103.9585,0.3199,0.1984,0.065,0.0683,2.0086,0,0,0.3318,2.0086,6.054,2.307
a_y_0_73,amb,inoc,0,73,8/13/22,3t,8/18/22,8/23/22,10/2/22,13.083,145.987,0.062,0.663,0.061,0.334,0.717,0.184,1.959,0.256624826,0.0417,0.0516,0.034,0.0142,0.0137,0.4243,0.4602,0.4394,0.4347,0.4117,2.119,0.533,2.12E-06,5.33E-07,2.12E-05,5.33E-06,0.0699,0.0176,0.0782,0.0194,0.0976,3.9757,3.033,13.811,25.01,19.82,19.82,0.246,0.246,0.637,97.91,167.638,1.712,1.797,9.704,-25.57,-1.56,100,0.5664,53.9688,47.3897,1.978,0.3863,0.0674,0.0192,0.473,0.0383,10.01997857,10.01997857,80.5691,80.5691,0.3253,0.0277,0.0046,0.0102,0.3117,0.0095,0.0847,0.052,0.3963,7.6277,0.327
a_y_0_74,amb,inoc,0,74,8/13/22,1b,8/18/22,8/23/22,10/2/22,16.013,170.685,0.092,0.766,0.049,0.36,0.745,0.243,2.163,0.326174497,0.0331,0.0561,0.0328,0.0165,0.0161,0.4242,0.448,0.4376,0.4327,0.4033,3.2413,0.9015,3.24E-06,9.02E-07,3.24E-05,9.02E-06,0.1077,0.03,0.1206,0.033,0.1536,3.5954,3.009,8.663,25.029,23.892,23.892,0.358,0.358,0.683,119.692,214.875,1.795,3.571,12.217,-26.44,-1.98,100,0.6066,76.8711,57.4533,1.9034,0.4908,0.0898,0.0298,0.6104,0.052,12.55208571,12.55208571,66.7374,66.7374,0.3083,0.0298,0.0058,0.0123,0.3224,0.0136,0.1089,0.0615,0.4312,7.015,0.361
a_y_0_75,amb,inoc,0,75,8/13/22,2t,8/18/22,8/23/22,10/2/22,14.508,134.424,0.063,0.614,0.043,0.328,0.754,0.18,1.919,0.23872679,0.0393,0.0559,0.032,0.015,0.0148,0.4326,0.4631,0.4363,0.4389,0.4045,3.1274,0.8354,3.13E-06,8.35E-07,3.13E-05,8.35E-06,0.1043,0.0279,0.1167,0.0307,0.1475,3.7435,2.998,9.518,25.012,17.877,17.877,0.207,0.207,0.617,108.211,186.172,1.72,4.913,11.222,-25.92,-1.47,97,0.5826,62.1715,43.4243,1.7083,0.4944,0.0867,0.0302,0.6112,0.0393,10.46471429,10.46471429,86.3623,86.3623,0.3949,0.0238,0.0049,0.0113,0.3309,0.0101,0.0834,0.05,0.4143,8.2815,0.32
a_y_0_76,amb,inoc,0,76,8/13/22,2b,8/18/22,8/23/22,10/2/22,9.581,94.421,0.045,0.556,0.031,0.284,0.715,0.126,1.712,0.176223776,0.0308,0.0504,0.0298,0.0125,0.0094,0.4218,0.4582,0.4204,0.4154,0.3996,1.6038,0.4036,1.60E-06,4.04E-07,1.60E-05,4.04E-06,0.0919,0.0231,0.1029,0.0255,0.1283,3.9732,1.745,6.205,25.009,16.023,16.023,0.214,0.214,0.666,79.382,137.508,1.732,2.278,8.275,-25.19,-1.22,88.43,0.5489,46.3181,46.968,1.4466,0.4283,0.0756,0.0303,0.5342,0.0517,11.07621429,11.07621429,74.8738,74.8738,0.3033,0.0189,0.0027,0.009,0.297,0.0064,0.0577,0.0369,0.3547,9.6152,0.285
a_y_35_77,amb,inoc,35,77,8/13/22,5b,8/19/22,8/23/22,10/2/22,19.288,312.484,0.094,1.587,0.143,0.856,1.645,0.392,4.623,0.238297872,0.0425,0.0536,0.0387,0.0121,0.014,0.4441,0.4587,0.4267,0.4266,0.412,4.0058,1.0311,4.01E-06,1.03E-06,4.01E-05,1.03E-05,0.1344,0.0346,0.1504,0.0381,0.1886,3.885,2.98,22.546,25.02,22.773,22.773,0.371,0.371,0.708,108.265,188.657,1.743,3.118,10.644,-26.4,-0.5,92.88,0.6048,75.6181,48.735,2.0722,0.4078,0.0724,0.0254,0.5056,0.038,10.98971429,10.98971429,61.3827,61.3827,0.2737,0.0714,0.012,0.02,0.7017,0.021,0.1798,0.1244,0.8815,7.0879,0.771
a_y_35_78,amb,inoc,35,78,8/13/22,6t,8/18/22,8/23/22,10/2/22,20.802,225.6,0.094,0.935,0.067,0.416,0.734,0.278,2.43,0.378746594,0.0412,0.0595,0.0398,0.015,0.0178,0.4282,0.4643,0.4469,0.4168,0.3875,3.2358,0.8426,3.24E-06,8.43E-07,3.24E-05,8.43E-06,0.1064,0.0277,0.1191,0.0305,0.1496,3.84,3.041,17.877,25.04,26.062,26.062,0.805,0.805,0.822,106.971,196.039,1.833,2.385,11.083,-27.34,2.11,75.32,0.6483,112.0131,45.188,1.8617,0.4484,0.0837,0.0352,0.5674,0.0381,13.9987,13.9987,32.3752,32.3752,0.1772,0.0438,0.0074,0.011,0.3059,0.0165,0.1291,0.0788,0.435,5.5238,0.405
a_y_35_79,amb,inoc,35,79,8/13/22,5t,8/19/22,8/23/22,10/2/22,13.65,144.468,0.055,0.719,0.053,0.364,0.715,0.183,2.034,0.255944056,0.0461,0.0561,0.0339,0.012,0.0125,0.4338,0.4684,0.4371,0.4298,0.4121,1.4707,0.3391,1.47E-06,3.39E-07,1.47E-05,3.39E-06,0.0908,0.0209,0.1016,0.0231,0.1247,4.3372,1.62,6.998,25.048,22.152,22.152,0.443,0.443,0.754,106.896,195.945,1.833,2.385,11.083,-26.07,0.16,88.44,0.5895,66.0776,40.293,1.8587,0.4489,0.0838,0.013,0.5457,0.0325,11.91789286,11.91789286,50.0045,50.0045,0.3001,0.0293,0.0045,0.0086,0.3073,0.0103,0.0857,0.0527,0.393,7.4513,0.339
a_y_35_80,amb,inoc,35,80,8/13/22,1b,8/18/22,8/23/22,10/2/22,21.466,350.828,0.106,1.476,0.073,0.77,1.123,0.43,3.872,0.382902939,0.0362,0.0525,0.0362,0.0186,0.0167,0.4332,0.4577,0.4429,0.44,0.4037,2.892,0.727,2.89E-06,7.27E-07,2.89E-05,7.27E-06,0.0943,0.0237,0.1055,0.0261,0.1316,3.9779,3.068,16.264,25.012,21.168,21.168,0.302,0.302,0.672,110.291,202.002,1.832,3.656,11.856,-26.89,0.92,83.32,0.6275,92.6291,49.3804,1.7856,0.4821,0.09,0.0295,0.6015,0.0449,11.85486429,11.85486429,70.0927,70.0927,0.3272,0.0599,0.0128,0.0209,0.4941,0.0226,0.1968,0.1162,0.6909,5.9448,0.645
a_y_70_81,amb,inoc,70,81,8/13/22,6t,8/18/22,8/23/22,10/2/22,25.25,370.598,0.106,1.68,0.133,0.781,1.382,0.421,4.397,0.30463097,0.0423,0.0604,0.045,0.0158,0.016,0.4364,0.4569,0.4335,0.421,0.4032,4.2206,1.0804,4.22E-06,1.08E-06,4.22E-05,1.08E-05,0.143,0.0366,0.16,0.0403,0.2003,3.9065,2.952,22.666,25.036,21.475,21.475,0.389,0.389,0.729,93.421,160.367,1.717,1.553,9.381,-26.8,2.22,86.4,0.6233,89.2155,41.9802,1.7745,0.4109,0.0719,0.0294,0.5121,0.0361,12.10197857,12.10197857,55.2057,55.2057,0.2383,0.0857,0.0125,0.0219,0.5818,0.0254,0.1924,0.1454,0.7742,5.3233,0.733
a_y_70_82,amb,inoc,70,82,8/13/22,4b,8/18/22,8/23/22,10/2/22,22.544,274.671,0.102,1.185,0.06,0.636,1.166,0.327,3.374,0.280445969,0.0388,0.0564,0.0342,0.0133,0.0142,0.4286,0.4551,0.4431,0.417,0.4026,2.8097,0.722,2.81E-06,7.22E-07,2.81E-05,7.22E-06,0.094,0.0241,0.1052,0.0266,0.1318,3.8913,2.99,11.887,25.024,20.239,20.239,0.358,0.358,0.729,92.431,164.571,1.78,2.553,9.67,-27.62,7.22,68.39,0.6613,126.3508,45.2449,1.756,0.4108,0.0745,0.0245,0.5098,0.0405,11.52593571,11.52593571,56.5335,56.5335,0.247,0.0469,0.009,0.0155,0.4862,0.0184,0.1488,0.0898,0.6351,7.0702,0.562
a_y_70_83,amb,inoc,70,83,8/13/22,6b,8/19/22,8/23/22,10/2/22,22.498,285.97,0.102,1.305,0.075,0.629,1.073,0.338,3.42,0.31500466,0.0342,0.0576,0.0327,0.0141,0.0163,0.4251,0.4513,0.4342,0.4347,0.4006,3.7428,0.8598,3.74E-06,8.60E-07,3.74E-05,8.60E-06,0.1237,0.0284,0.1385,0.0313,0.1698,4.3531,3.025,18.357,25.024,21.095,21.095,0.323,0.323,0.695,104.39,183.238,1.755,3.419,10.488,-26.85,2.47,85.5,0.6256,91.0946,45.3374,1.5505,0.5255,0.094,0.0442,0.6636,0.0459,13.60495714,13.60495714,65.3096,65.3096,0.2926,0.0488,0.0102,0.0151,0.4665,0.0195,0.1525,0.0936,0.619,6.6151,0.57
a_y_70_84,amb,inoc,70,84,8/13/22,3t,8/18/22,8/23/22,10/2/22,20.433,329.68,0.088,1.375,0.082,0.682,1.226,0.408,3.773,0.33278956,0.0399,0.0576,0.0394,0.0157,0.0186,0.4316,0.4553,0.4441,0.4143,0.4062,3.0934,0.789,3.09E-06,7.89E-07,3.09E-05,7.89E-06,0.1066,0.0272,0.1193,0.0299,0.1492,3.9208,2.903,18.824,25.026,20.658,20.658,0.353,0.353,0.72,94.231,173.673,1.843,2.276,10.382,-26.96,2.72,84.6,0.6307,95.3834,43.0676,1.7193,0.4278,0.0803,0.0312,0.5393,0.0386,12.01565,12.01565,58.5212,58.5212,0.255,0.0609,0.0127,0.0192,0.508,0.0235,0.1858,0.1163,0.6937,5.9633,0.629
a_y_105_85,amb,inoc,105,85,8/13/22,1t,8/18/22,8/23/22,10/2/22,18.524,190.977,0.093,0.907,0.062,0.482,0.909,0.212,2.572,0.233223322,0.0365,0.061,0.0302,0.013,0.0146,0.4277,0.4672,0.4388,0.4444,0.3994,3.4602,0.949,3.46E-06,9.49E-07,3.46E-05,9.49E-06,0.1122,0.0308,0.1255,0.0339,0.1594,3.646,3.085,11.478,27.376,23.36,23.36,0.312,0.312,0.649,113.828,195.823,1.72,2.382,12.187,-26.8,4.69,80.48,0.6233,89.2155,50.2051,1.831,0.4852,0.0851,0.0294,0.5997,0.0448,12.75818571,12.75818571,74.8718,74.8718,0.3101,0.033,0.007,0.0118,0.404,0.0129,0.0991,0.0648,0.503,7.7627,0.429
a_y_105_86,amb,inoc,105,86,8/13/22,2b,8/18/22,8/23/22,10/2/22,24.835,404.162,0.121,1.706,0.113,0.835,1.389,0.399,4.442,0.287257019,0.0339,0.061,0.0355,0.0135,0.0168,0.4255,0.4665,0.4439,0.4136,0.3955,2.7492,0.7689,2.75E-06,7.69E-07,2.75E-05,7.69E-06,0.091,0.0254,0.1018,0.028,0.1299,3.5757,3.022,22.835,25.039,20.588,20.588,0.561,0.561,0.811,90.086,NA,NA,3.317,9.728,-27.12,5.24,78.76,0.6381,102.0251,48.7216,1.6517,0.4257,NA,0.0281,NA,0.0477,12.46502857,12.46502857,36.6988,36.6988,0.1884,0.0685,0.014,0.0187,0.5745,0.0243,0.1861,0.1256,0.7606,6.0568,0.74
a_y_105_87,amb,inoc,105,87,8/13/22,2t,8/18/22,8/23/22,10/2/22,21.031,418.698,0.089,1.966,0.066,1.036,1.62,0.482,5.17,0.297530864,0.0437,0.0605,0.0345,0.0169,0.016,0.4419,0.4652,0.4474,0.4474,0.3982,3.6189,0.8321,3.62E-06,8.32E-07,3.62E-05,8.32E-06,0.1215,0.0279,0.136,0.0308,0.1668,4.3489,2.978,15.649,25.02,19.962,19.962,0.321,0.321,0.708,96.058,163.536,1.702,2.933,9.924,-26.09,4.39,81.42,0.5904,66.6177,42.3185,1.8489,0.4055,0.0703,0.0329,0.5088,0.035,10.79672143,10.79672143,62.1869,62.1869,0.2781,0.0747,0.0166,0.0273,0.7248,0.0292,0.2243,0.1478,0.949,6.4205,0.862
a_y_105_88,amb,inoc,105,88,8/13/22,4b,8/19/22,8/23/22,10/2/22,24.611,326.833,0.108,1.409,0.075,0.707,1.131,0.372,3.694,0.328912467,0.0384,0.0548,0.0354,0.0159,0.0142,0.4294,0.4471,0.4402,0.43,0.3954,2.8166,0.7258,2.82E-06,7.26E-07,2.82E-05,7.26E-06,0.0941,0.0243,0.1053,0.0267,0.132,3.8806,2.993,17.459,25.02,21.646,21.646,0.353,0.353,0.703,96.317,169.141,1.756,1.441,10.327,-26.99,8.86,67.45,0.6321,96.5913,43.8828,1.6864,0.4458,0.0798,0.0291,0.5546,0.0404,12.8355,12.8355,61.3201,61.3201,0.2594,0.057,0.0101,0.018,0.4863,0.0204,0.1663,0.1054,0.6526,6.189,0.616
a_y_140_89,amb,inoc,140,89,8/13/22,4t,8/19/22,8/23/22,10/2/22,29.503,580.497,0.147,2.857,0.118,1.366,2.013,0.642,6.996,0.318926975,0.0402,0.0607,0.0357,0.0159,0.0181,0.4385,0.4574,0.4474,0.4428,0.3952,3.8083,1.0151,3.81E-06,1.02E-06,3.81E-05,1.02E-05,0.1269,0.0338,0.142,0.0373,0.1793,3.7515,3.001,22.153,25.009,23.908,23.908,0.333,0.333,0.657,116.036,197.705,1.704,1.864,12.089,-27.64,4.21,82.02,0.6622,127.452,49.8254,2.0045,0.4518,0.0784,0.0304,0.5607,0.0405,11.9273,11.9273,71.7958,71.7958,0.3185,0.1127,0.0247,0.032,0.8913,0.039,0.2936,0.2084,1.185,5.6866,1.166
a_y_140_90,amb,inoc,140,90,8/13/22,5t,8/19/22,8/23/22,10/2/22,19.133,299.241,0.072,1.337,0.061,0.606,1.109,0.238,3.351,0.214607755,0.0538,0.0559,0.0386,0.0153,0.0179,0.4388,0.4554,0.4466,0.4353,0.4089,3.4015,0.8452,3.40E-06,8.45E-07,3.40E-05,8.45E-06,0.1124,0.0279,0.1258,0.0308,0.1566,4.0243,3.025,10.883,25.043,19.657,19.657,0.353,0.353,0.726,92.577,164.836,1.781,3.107,10.658,-26.86,18.15,38.56,0.6261,91.4756,37.6313,2.0238,0.357,0.0648,0.0189,0.4407,0.0272,9.712857143,9.712857143,55.6856,55.6856,0.2546,0.0587,0.0108,0.017,0.4828,0.0133,0.1084,0.0999,0.5912,5.9199,0.559
a_y_140_91,amb,inoc,140,91,8/13/22,1b,8/18/22,8/23/22,10/2/22,23.835,370.935,0.116,1.57,0.092,0.884,1.429,0.346,4.321,0.242127362,0.042,0.0582,0.035,0.0142,0.0168,0.4347,0.4591,0.4442,0.4056,0.399,3.1906,0.8419,3.19E-06,8.42E-07,3.19E-05,8.42E-06,0.1056,0.0279,0.1182,0.0307,0.1489,3.7896,3.021,20.219,25.015,19.88,19.88,0.217,0.217,0.588,117.178,196.6,1.678,3.77,11.603,-26.95,8.08,69.95,0.6302,94.9844,48.6679,2.0416,0.448,0.0766,0.0284,0.5529,0.0385,9.737371429,9.737371429,91.6129,91.6129,0.4073,0.0637,0.0148,0.0202,0.5796,0.0201,0.1588,0.1188,0.7384,6.214,0.72
a_y_140_92,amb,inoc,140,92,8/13/22,6b,8/18/22,8/23/22,10/2/22,28.517,319.953,0.126,1.426,0.081,0.778,1.308,0.325,3.918,0.248470948,0.0472,0.0539,0.0672,0.016,0.0198,0.4384,0.4526,0.4435,0.435,0.3558,2.8388,0.6821,2.84E-06,6.82E-07,2.84E-05,6.82E-06,0.0955,0.0229,0.1068,0.0253,0.1321,4.162,2.974,19.102,25.021,18.082,18.082,0.2,0.2,0.601,100.316,162.756,1.622,2.913,9.174,-26.44,9.16,66.59,0.6066,76.8711,44.1842,2.0842,0.3757,0.0621,0.024,0.4618,0.033,8.675885714,8.675885714,90.41,90.41,0.3771,0.1056,0.0154,0.0209,0.569,0.0175,0.1471,0.1595,0.716,4.4892,0.653
a_y_210_93,amb,inoc,210,93,8/13/22,2t,8/18/22,8/23/22,10/2/22,27.713,494.849,0.127,2.169,0.112,1.389,1.915,0.344,5.929,0.179634465,0.0417,0.0531,0.0333,0.0194,0.0155,0.4393,0.4576,0.4395,0.4413,0.3971,3.6806,0.8937,3.68E-06,8.94E-07,3.68E-05,8.94E-06,0.1229,0.0298,0.1375,0.0329,0.1704,4.1183,2.996,24.78,25.014,17.55,17.55,0.203,0.203,0.602,106.878,160.104,1.498,4.425,10.056,-26.23,14.07,53.32,0.5969,70.5321,45.8269,1.9119,0.4363,0.0666,0.0329,0.5358,0.0378,9.179364286,9.179364286,86.4532,86.4532,0.4072,0.0823,0.0216,0.0372,0.845,0.0183,0.1574,0.1594,1.0024,6.2902,0.988
a_y_210_94,amb,inoc,210,94,8/13/22,5b,8/19/22,8/23/22,10/2/22,21.633,246.985,0.089,1.151,0.063,0.515,1.089,0.044,2.862,0.04040404,0.0583,0.0483,0.0424,0.0208,0.0204,0.4375,0.4484,0.4398,0.4112,0.3893,2.8833,0.7103,2.88E-06,7.10E-07,2.88E-05,7.10E-06,0.1186,0.0292,0.1327,0.0322,0.1649,4.0591,2.432,10.9,25.027,20.283,20.283,0.327,0.327,0.708,94.832,155.165,1.636,2.643,NA,-26.31,30.47,4.33,0.6006,72.8783,41.1408,2.3993,0.3085,0.0514,0.0178,0.3777,0.0259,8.453592857,8.453592857,62.0275,62.0275,0.2638,0.0576,0.0105,0.0226,0.4477,0.0021,0.0197,0.0929,0.4675,5.0314,0.477
a_y_210_95,amb,inoc,210,95,8/13/22,5t,8/19/22,8/23/22,10/2/22,23.739,558.135,0.096,2.672,0.155,1.39,2.172,0.291,6.68,0.133977901,0.0535,0.0483,0.0342,0.0179,0.0166,0.4397,0.4327,0.4393,0.4444,0.3978,4.3809,1.1399,4.38E-06,1.14E-06,4.38E-05,1.14E-05,0.1402,0.0365,0.1569,0.0402,0.1972,3.8433,3.124,28.032,25.031,21.764,21.764,0.398,0.398,0.735,101.164,173.144,1.712,3.148,10.056,-26.36,16.8,45.16,0.6029,74.387,40.4398,2.1651,0.3647,0.0636,0.0242,0.4525,0.0281,10.05197857,10.05197857,54.6834,54.6834,0.2511,0.1047,0.0231,0.0389,0.9652,0.0141,0.1259,0.1807,1.0911,6.0394,1.113
a_y_210_96,amb,inoc,210,96,8/13/22,4t,8/19/22,8/23/22,10/2/22,26.667,455.439,0.115,2.078,0.091,1.258,1.846,0.274,5.547,0.148429036,0.0454,0.0557,0.0341,0.0166,0.0155,0.4358,0.4607,0.441,0.4179,0.4129,3.2574,0.9422,3.26E-06,9.42E-07,3.26E-05,9.42E-06,0.1092,0.0316,0.1222,0.0348,0.157,3.4573,2.984,18.948,25.022,21.377,21.377,0.372,0.372,0.724,94.115,155.52,1.652,1.594,9.834,-27.05,22.33,28.65,0.6349,99.0583,43.1245,1.9579,0.3752,0.0632,0.0262,0.4645,0.0339,10.91860714,10.91860714,57.4651,57.4651,0.2466,0.0802,0.0195,0.0306,0.7714,0.0153,0.1262,0.1456,0.8976,6.1629,0.925
a_y_280_97,amb,inoc,280,97,8/13/22,3t,8/18/22,8/23/22,10/2/22,26.679,624.18,0.11,3.043,0.112,1.662,3.019,0.249,8.085,0.082477642,0.0562,0.0502,0.0349,0.0144,0.0158,0.4428,0.4526,0.4426,0.4151,0.3949,3.8447,0.8834,3.84E-06,8.83E-07,3.84E-05,8.83E-06,0.1302,0.0299,0.1458,0.033,0.1787,4.352,2.952,24.009,25.025,23.245,23.245,0.402,0.402,0.721,103.866,181.191,1.744,1.923,10.836,-25.78,16.52,31.03,0.5761,58.7445,41.2309,2.3151,0.3502,0.0622,0.0248,0.4372,0.027,10.04052857,10.04052857,57.8234,57.8234,0.2537,0.1187,0.0262,0.0433,1.2531,0.0125,0.1127,0.2007,1.3658,6.8045,1.348
a_y_280_98,amb,inoc,280,98,8/13/22,6b,8/18/22,8/23/22,10/2/22,24.562,493.377,0.105,2.246,0.105,1.217,1.941,0.141,5.65,0.072642968,0.0478,0.0545,0.033,0.0156,0.0171,0.443,0.4614,0.4365,0.4349,0.3978,3.6333,0.8599,3.63E-06,8.60E-07,3.63E-05,8.60E-06,0.1203,0.0285,0.1346,0.0314,0.166,4.2252,3.02,23.765,25.023,11.496,11.496,0.101,0.101,0.522,80.287,135.312,1.685,3.077,7.818,-25.96,17.9,25.77,0.5844,63.1887,42.749,2.0451,0.3064,0.0526,0.0286,0.3876,0.0321,5.621214286,5.621214286,113.8218,113.8218,0.4888,0.0841,0.0208,0.0303,0.8442,0.0077,0.0651,0.1429,0.9092,6.3638,0.942
a_y_280_99,amb,inoc,280,99,8/13/22,2b,8/18/22,8/23/22,10/2/22,29.348,653.678,0.142,3.071,0.105,1.776,2.631,0.248,7.831,0.094260737,0.0452,0.0543,0.0338,0.0162,0.0144,0.4395,0.454,0.4411,0.4486,0.4061,3.7387,0.8616,3.74E-06,8.62E-07,3.74E-05,8.62E-06,0.1242,0.0286,0.139,0.0315,0.1705,4.3394,3.011,22.499,25.017,17.372,17.372,0.17,0.17,0.549,100.622,166.926,1.659,1.902,9.912,-26.17,19.64,19.13,0.5941,68.8253,48.3849,2.188,0.3589,0.0607,0.0294,0.449,0.0356,7.9398,7.9398,102.1882,102.1882,0.4236,0.115,0.0255,0.0425,1.1802,0.0135,0.1126,0.1965,1.2928,6.5788,1.305
a_y_280_100,amb,inoc,280,100,8/13/22,1t,8/18/22,8/23/22,10/2/22,27.318,588.966,0.137,3.135,0.135,1.667,2.583,0.306,7.826,0.118466899,0.0423,0.0517,0.0285,0.0162,0.0126,0.4384,0.4615,0.4427,0.4476,0.4056,4.1993,1.0488,4.20E-06,1.05E-06,4.20E-05,1.05E-05,0.1328,0.0332,0.1486,0.0366,0.1852,4.0038,3.162,24.016,24.993,15.482,15.482,0.144,0.144,0.533,103.542,168.514,1.627,3.32,10.574,-26.11,16.97,29.31,0.5914,67.1625,50.1501,2.1208,0.381,0.0632,0.0283,0.4726,0.0386,7.299914286,7.299914286,107.5139,107.5139,0.4778,0.1008,0.0211,0.0417,1.1562,0.0158,0.1412,0.1794,1.2974,7.234,1.304
a_y_350_101,amb,inoc,350,101,8/13/22,1t,8/18/22,8/23/22,10/2/22,28.422,572.151,0.139,2.668,0.104,1.452,2.505,0.118,6.847,0.047105788,0.046,0.0559,0.0831,0.0206,0.0178,0.4341,0.4546,0.448,0.4492,0.403,3.7252,0.922,3.73E-06,9.22E-07,3.73E-05,9.22E-06,0.1219,0.0302,0.1364,0.0332,0.1697,4.0404,3.056,20.763,25.033,26.941,26.941,0.556,0.556,0.753,130.887,230.225,1.759,3.772,13.482,-27.18,19.66,4.81,0.6409,104.6467,48.9058,2.2492,0.4542,0.0814,0.0268,0.5624,0.0352,11.97816429,11.97816429,48.455,48.455,0.2892,0.2328,0.0258,0.0517,1.1251,0.0066,0.0536,0.317,1.1788,3.7188,1.141
a_y_350_102,amb,inoc,350,102,8/13/22,4b,8/19/22,8/23/22,10/2/22,32.923,639.923,0.144,3.026,0.108,1.672,3.038,0.148,7.992,0.048716261,0.0543,0.0541,0.0361,0.0171,0.0191,0.4438,0.458,0.4469,0.4191,0.3953,3.4943,0.832,3.49E-06,8.32E-07,3.49E-05,8.32E-06,0.1186,0.0282,0.1327,0.0311,0.1638,4.1998,2.947,23.103,25.026,17.18,17.18,0.226,0.226,0.636,87.656,139.422,1.591,2.584,9.446,-26.31,19.05,7.55,0.6006,72.8783,43.7384,2.3754,0.288,0.0467,0.0235,0.3582,0.0285,7.232364286,7.232364286,76.0177,76.0177,0.3216,0.123,0.0319,0.052,1.2731,0.008,0.0678,0.2149,1.3409,6.2398,1.332
a_y_350_103,amb,inoc,350,103,8/13/22,4t,8/19/22,8/23/22,10/2/22,22.565,311.52,0.087,1.365,0.068,0.689,0.926,0.046,3.094,0.049676026,0.0628,0.0494,0.0467,0.0187,0.0213,0.4317,0.4428,0.4437,0.422,0.3972,3.2796,0.7349,3.28E-06,7.35E-07,3.28E-05,7.35E-06,0.1093,0.0245,0.1223,0.027,0.1493,4.4625,3.001,16.884,25.031,23.677,23.677,0.372,0.372,0.695,109.452,191.406,1.749,1.973,11.558,-25.8,20.41,1.45,0.577,59.2217,38.5553,2.4193,0.3531,0.0629,0.0215,0.4375,0.0235,9.786535714,9.786535714,63.6478,63.6478,0.2798,0.0734,0.0147,0.0173,0.3907,0.0023,0.0204,0.1077,0.4111,3.8164,0.516
a_y_350_104,amb,inoc,350,104,8/13/22,5b,8/19/22,8/23/22,10/2/22,30.781,548.742,0.143,2.695,0.118,1.598,2.873,0.134,7.418,0.046641142,0.0489,0.0528,0.0408,0.0154,0.0142,0.4424,0.4538,0.4343,0.4239,0.4065,3.1093,1.0409,3.11E-06,1.04E-06,3.11E-05,1.04E-05,0.1056,0.0354,0.1182,0.039,0.1572,2.9871,2.943,22.908,25.026,22.139,22.139,0.31,0.31,0.659,104.669,173.212,1.655,1.561,10.907,-27.08,18.94,8.04,0.6363,100.3179,46.4572,2.2713,0.3597,0.0607,0.0227,0.443,0.0324,9.747307143,9.747307143,71.4161,71.4161,0.3031,0.1228,0.0228,0.0444,1.2178,0.0071,0.0608,0.197,1.2787,6.4914,1.236
a_y_630_105,amb,inoc,630,105,8/13/22,1b,8/18/22,8/23/22,10/2/22,24.642,340.353,0.118,1.779,0.107,0.925,1.197,0.02,4.028,0.016708438,0.0589,0.0529,0.0434,0.0212,0.0246,0.4436,0.4456,0.446,0.4254,0.3888,3.6683,0.9468,3.67E-06,9.47E-07,3.67E-05,9.47E-06,0.1215,0.0314,0.136,0.0346,0.1705,3.8744,3.019,20.662,25.019,22.635,22.635,0.328,0.328,0.677,115.812,198.996,1.718,3.782,11.354,-26.07,11.9,7.43,0.5895,66.0776,47.8857,2.8229,0.3202,0.0561,0.0203,0.3966,0.0272,8.018457143,8.018457143,69.0091,69.0091,0.316,0.0905,0.0227,0.0254,0.5092,0.0011,0.0089,0.1397,0.5181,3.7095,0.671
a_y_630_106,amb,inoc,630,106,8/13/22,5b,8/18/22,8/23/22,10/2/22,30.925,667.089,0.135,3.772,0.131,1.916,1.936,0.057,7.812,0.029442149,0.0626,0.0524,0.0569,0.0236,0.0187,0.4474,0.4548,0.4406,0.418,0.4142,3.7376,1.1481,3.74E-06,1.15E-06,3.74E-05,1.15E-05,0.1269,0.039,0.142,0.0429,0.1849,3.2554,2.946,23.828,25.033,22.972,22.972,0.417,0.417,0.727,106.955,182.943,1.71,2.916,10.722,-25.69,12.52,3.16,0.572,56.6461,43.654,2.7327,0.3055,0.0532,0.0195,0.3783,0.0247,8.406214286,8.406214286,55.0887,55.0887,0.2623,0.2314,0.0358,0.0457,0.8093,0.003,0.0259,0.3159,0.8352,2.6436,1.302
a_y_630_107,amb,inoc,630,107,8/13/22,6t,8/18/22,8/23/22,10/2/22,34.201,568.462,0.156,3.164,0.116,1.706,3.018,0.042,8.046,0.013916501,0.0587,0.0486,0.0444,0.0216,0.0231,0.4478,0.4474,0.439,0.4139,0.401,3.6855,1.1437,3.69E-06,1.14E-06,3.69E-05,1.14E-05,0.1243,0.0386,0.1391,0.0425,0.1816,3.2226,2.966,24.045,25.019,21.393,21.393,0.287,0.287,0.652,103.883,174.438,1.679,1.973,9.967,-25.31,13.67,0,0.5544,48.6062,45.6127,2.6779,0.3028,0.0518,0.0233,0.3779,0.0268,7.988657143,7.988657143,74.5401,74.5401,0.3122,0.1565,0.0393,0.0651,1.2492,0.002,0.0188,0.263,1.268,4.8217,1.341
a_y_630_108,amb,inoc,630,108,8/13/22,6t,8/19/22,8/23/22,10/2/22,31.425,430.514,0.157,1.913,0.158,1.071,3.276,0.04,6.458,0.012210012,0.0587,0.0496,0.0577,0.0234,0.0221,0.4483,0.449,0.4446,0.4256,0.401,4.2951,1.1569,4.30E-06,1.16E-06,4.30E-05,1.16E-05,0.1486,0.04,0.1663,0.0441,0.2104,3.7126,2.89,25.189,25.002,11.374,11.374,0.117,0.117,0.587,66.162,112.535,1.701,2.707,NA,-25.85,13.52,0,0.5794,60.4325,49.9602,2.9317,0.1761,0.0305,0.0208,0.2275,0.0278,3.879707143,3.879707143,97.2137,97.2137,0.3805,0.1289,0.0236,0.0766,1.3942,0.002,0.018,0.2312,1.4122,6.1087,1.076
a_n_0_109,amb,no.inoc,0,109,8/13/22,6b,8/19/22,8/23/22,10/2/22,20.596,167.968,0.078,0.601,0.056,0.371,0.516,0.173,1.717,0.335271318,0.0361,0.0618,0.0337,0.0386,0.015,0.4247,0.4408,0.4328,0.4233,0.3963,2.0161,0.6324,2.02E-06,6.32E-07,2.02E-05,6.32E-06,0.0668,0.021,0.0748,0.0231,0.0979,3.1879,3.017,14.385,24.999,14.376,14.376,0.14,0.14,0.561,87.779,149.242,1.7,2.767,8.609,-25.79,-1.16,86.38,0.5766,58.9826,37.8714,1.3687,0.5006,0.0867,0.0253,0.6126,0.0405,10.5036,10.5036,102.6857,102.6857,0.4291,0.0251,0.0056,0.0199,0.2184,0.0107,0.0763,0.0613,0.2947,4.8073,0.286
a_n_0_110,amb,no.inoc,0,110,8/13/22,1b,8/18/22,8/23/22,10/2/22,6.439,40.69,0.028,0.136,0.013,0.139,0.314,0,0.602,0,0.0122,NA,0.0126,0.0065,0.0052,0.3784,NA,0.3766,0.3706,0.4119,0,0.2785,0,2.79E-07,0,2.79E-06,0,0.0148,0,0.0163,0.0163,0,1.88,3.251,25.003,1.569,1.569,0.017,0.017,0.624,5.932,15.502,2.613,-0.289,1.145,-27.96,1.36,0,0.6771,146.6506,43.485,0.531,0.0872,0.0232,0.0122,0.1226,0.1266,2.955071429,2.955071429,92.2941,92.2941,0.2795,0.0022,7.00E-04,0.002,0.1164,0,0,0.005,0.1164,23.336,0.1
a_n_0_111,amb,no.inoc,0,111,8/13/22,4t,8/19/22,8/23/22,10/2/22,6.968,35.428,0.031,0.102,0.017,0.164,0.588,0,0.871,0,0.0124,NA,0.0151,0.0076,0.0061,0.3831,NA,0.3926,0.3821,0.4074,0,0.0293,0,2.93E-08,0,2.93E-07,0,0.0016,0,0.0017,0.0017,0,1.853,3.937,24.986,1.832,1.832,0.027,0.027,0.714,9.801,21.273,2.17,0.68,NA,-28.21,-0.01,46.96,0.6887,163.9889,44.4891,0.5494,0.1392,0.0308,0.0012,0.1712,0.1263,3.3343,3.3343,67.8519,67.8519,0.2494,0.0021,0.001,0.0045,0.2247,0,0,0.0076,0.2247,29.5999,0.145
a_n_0_112,amb,no.inoc,0,112,8/13/22,2t,8/18/22,8/23/22,10/2/22,13.508,108.095,0.049,0.395,0.034,0.268,0.283,0.117,1.097,0.413427562,0.0472,0.0603,0.0372,0.0151,0.0162,0.4279,0.462,0.4332,0.4029,0.4056,2.2912,0.6827,2.29E-06,6.83E-07,2.29E-05,6.83E-06,0.0768,0.0229,0.0859,0.0252,0.1111,3.3562,2.984,9.663,25.025,19.113,19.113,0.215,0.215,0.605,103.735,179.573,1.731,2.522,10.673,-25.24,-0.94,78.83,0.5512,47.2578,36.2748,1.714,0.4724,0.0833,0.0243,0.58,0.0305,11.15120714,11.15120714,88.8977,88.8977,0.3735,0.0186,0.0043,0.0043,0.114,0.0071,0.0541,0.0343,0.1681,4.9038,0.183
a_n_35_113,amb,no.inoc,35,113,8/13/22,3t,8/18/22,8/23/22,10/2/22,4.487,34.084,0.018,0.089,0.012,0.124,0.358,0,0.583,0,0.0287,NA,0.0246,0.0249,0.0077,0.3908,NA,0.4129,0.3785,0.3989,0.0543,0.0376,5.43E-08,3.76E-08,5.43E-07,3.76E-07,0.0047,0.0033,0.0053,0.0036,0.0089,1.4452,1.147,3.26,25,8.35,8.35,0.15,0.15,0.752,32.525,61.813,1.9,0.177,4.526,-28.43,16.4,0,0.6989,181.2496,40.1159,1.1497,0.2208,0.0428,0.0031,0.2666,0.0523,7.262628571,7.262628571,55.6667,55.6667,0.1797,0.003,0.001,0.0089,0.1355,0,0,0.0129,0.1355,10.4737,0.097
a_n_35_114,amb,no.inoc,35,114,8/13/22,6t,8/19/22,8/23/22,10/2/22,8.483,76.581,0.041,0.288,0.027,0.261,0.801,0,1.377,0,0.013,NA,0.0382,0.008,0.0054,0.3805,NA,0.3907,0.4018,0.4186,0,0.0806,0,8.06E-08,0,8.06E-07,0,0.0045,0,0.005,0.005,0,1.775,5.893,24.998,3.396,3.396,0.051,0.051,0.72,17.354,35.823,2.064,1.156,NA,-27.87,5.24,54.25,0.6729,140.9347,48.332,0.6264,0.2162,0.0455,0.0031,0.2648,0.1243,5.421607143,5.421607143,66.5882,66.5882,0.2228,0.0119,0.0014,0.0064,0.3218,0,0,0.0197,0.3218,16.3484,0.23
a_n_35_115,amb,no.inoc,35,115,8/13/22,4b,8/18/22,8/23/22,10/2/22,5.061,29.555,0.018,0.068,0.01,0.105,0.185,0,0.368,0,0.0239,NA,0.0278,0.0098,0.0094,0.3865,NA,0.4164,0.351,0.4036,0.0257,0.0978,2.57E-08,9.78E-08,2.57E-07,9.78E-07,0.0021,0.0079,0.0023,0.0088,0.0111,0.263,1.23,4.064,24.99,3.504,3.504,0.057,0.057,0.736,17.087,33.247,1.946,1.023,NA,-28.82,11.33,13.26,0.717,217.4214,35.5661,0.8504,0.1568,0.0311,0.0069,0.1948,0.0598,4.120485714,4.120485714,61.4737,61.4737,0.2068,0.0026,0.001,0.0018,0.0649,0,0,0.0054,0.0649,12.1167,0.061
a_n_35_116,amb,no.inoc,35,116,8/13/22,2t,8/18/22,8/23/22,10/2/22,7.861,63.7,0.025,0.19,0.017,0.234,0.361,0,0.802,0,0.0383,NA,0.0289,0.0113,0.0101,0.4132,NA,0.4083,0.3698,0.3908,0.2594,0.3568,2.59E-07,3.57E-07,2.59E-06,3.57E-06,0.0147,0.0203,0.0165,0.0223,0.0388,0.7271,1.762,5.397,25.021,11.899,11.899,0.213,0.213,0.747,54.64,101.24,1.853,2.094,6.531,-27.74,20.23,0,0.6669,133.1242,31.8026,1.2174,0.3503,0.0661,0.0117,0.4281,0.0357,9.774092857,9.774092857,55.8638,55.8638,0.2225,0.0071,0.0024,0.0041,0.1335,0,0,0.0135,0.1335,9.8666,0.134
a_n_70_117,amb,no.inoc,70,117,8/13/22,1t,8/18/22,8/23/22,10/2/22,13.704,149.106,0.049,0.501,0.032,0.3,0.529,0.06,1.422,0.11342155,0.0348,0.0427,0.0441,0.0121,0.0102,0.4079,0.4535,0.4065,0.4274,0.4016,0.9185,0.3212,9.18E-07,3.21E-07,9.18E-06,3.21E-06,0.0298,0.0104,0.0333,0.0115,0.0448,2.8593,3.084,9.128,27.485,11.366,11.366,0.122,0.122,0.603,64.051,107.676,1.681,2.211,7.652,-27.29,20.53,20.46,0.646,109.6505,35.756,1.2436,0.402,0.0689,0.0134,0.4842,0.0412,9.139642857,9.139642857,93.1639,93.1639,0.3749,0.0249,0.003,0.0064,0.2261,0.0026,0.0272,0.0369,0.2533,6.8583,0.237
a_n_70_118,amb,no.inoc,70,118,8/13/22,5t,8/18/22,8/23/22,10/2/22,18.293,176.226,0.071,0.673,0.026,0.355,0.694,0.113,1.861,0.162824207,0.0482,0.0642,0.0333,0.0118,0.0117,0.4219,0.4559,0.4355,0.4105,0.4118,0.3707,0.2061,3.71E-07,2.06E-07,3.71E-06,2.06E-06,0.0215,0.0119,0.024,0.0132,0.0372,1.7989,1.726,6.417,25.021,18.694,18.694,0.338,0.338,0.737,84.17,144.522,1.717,2.344,8.855,-28.23,11.92,51.46,0.6896,165.476,38.8127,1.8704,0.3512,0.0615,0.0069,0.4196,0.0307,9.99475,9.99475,55.3077,55.3077,0.2356,0.0271,0.0041,0.0082,0.2849,0.0073,0.0515,0.0467,0.3364,7.2061,0.31
a_n_70_119,amb,no.inoc,70,119,8/13/22,3t,8/18/22,8/23/22,10/2/22,10.865,116.176,0.036,0.389,0.025,0.306,0.532,0.062,1.314,0.116541353,0.0286,0.0439,0.0267,0.0097,0.009,0.3929,0.4446,0.4135,0.4078,0.4044,0.2266,0.1395,2.27E-07,1.40E-07,2.27E-06,1.40E-06,0.0093,0.0057,0.0104,0.0063,0.0166,1.6246,2.448,7.553,25,4.112,4.112,0.056,0.056,0.691,18.701,39.027,2.087,0.468,NA,-28.87,25.94,0.97,0.7194,222.6564,33.1339,0.9486,0.1539,0.0327,0.0064,0.193,0.0486,4.3347,4.3347,73.4286,73.4286,0.2505,0.0121,0.0028,0.0052,0.2169,0.0027,0.0276,0.0228,0.2445,10.7319,0.219
a_n_70_120,amb,no.inoc,70,120,8/13/22,5b,8/18/22,8/23/22,10/2/22,9.199,83.158,0.036,0.276,0.026,0.255,0.614,0,1.171,0,0.0343,NA,0.042,0.0093,0.0072,0.4006,NA,0.4002,0.3874,0.4032,0.5588,0.2807,5.59E-07,2.81E-07,5.59E-06,2.81E-06,0.0238,0.012,0.0267,0.0132,0.0399,1.9908,2.345,7.724,25.011,9.351,9.351,0.185,0.185,0.77,43.731,79.066,1.808,2.246,NA,-28.19,26.21,0,0.6878,162.5173,39.1347,1.3415,0.2544,0.0469,0.0126,0.3139,0.0433,6.970364286,6.970364286,50.5459,50.5459,0.1993,0.0137,0.0018,0.0057,0.2379,0,0,0.0213,0.2379,11.1827,0.195
a_n_105_121,amb,no.inoc,105,121,8/13/22,2b,8/18/22,8/23/22,10/2/22,10.828,132.133,0.037,0.45,0.025,0.299,0.354,0,1.128,0,0.0438,NA,0.0296,0.0098,0.0122,0.427,NA,0.4196,0.3825,0.3939,0.7614,0.3353,7.61E-07,3.35E-07,7.61E-06,3.35E-06,0.0314,0.0138,0.0351,0.0152,0.0504,2.2708,2.426,7.649,25.014,13.736,13.736,0.275,0.275,0.766,57.965,110.747,1.911,1.328,7.617,-28.35,29.94,1.59,0.6952,174.7373,34.1707,1.497,0.3022,0.0588,0.0128,0.3738,0.0321,9.175578571,9.175578571,49.9491,49.9491,0.1981,0.016,0.0037,0.0035,0.1354,0,0,0.0232,0.1354,5.8426,0.188
a_n_105_122,amb,no.inoc,105,122,8/13/22,6b,8/18/22,8/23/22,10/2/22,13.644,169.591,0.06,0.69,0.029,0.446,0.881,0.159,2.205,0.180476731,0.0285,0.0404,0.0309,0.0093,0.0105,0.4173,0.4494,0.4095,0.3922,0.4022,0.8365,0.3842,8.37E-07,3.84E-07,8.37E-06,3.84E-06,0.027,0.0124,0.0302,0.0136,0.0438,2.1771,3.104,8.233,25.017,12.58,12.58,0.16,0.16,0.658,67.183,120.412,1.792,2.865,7.342,-27.21,9.56,65.27,0.6423,105.9856,43.9754,1.2542,0.4181,0.0764,0.0159,0.5103,0.0544,10.03047857,10.03047857,78.625,78.625,0.321,0.0239,0.0047,0.0082,0.3455,0.0064,0.0715,0.0432,0.417,9.6561,0.368
a_n_105_123,amb,no.inoc,105,123,8/13/22,5t,8/18/22,8/23/22,10/2/22,14.695,192.886,0.054,0.746,0.072,0.475,0.938,0.061,2.292,0.065031983,0.0376,0.0591,0.0257,0.0094,0.0094,0.4071,0.4446,0.4247,0.4149,0.4095,1.2396,0.4604,1.24E-06,4.60E-07,1.24E-05,4.60E-06,0.0413,0.0153,0.0462,0.0169,0.0631,2.6925,3.005,14.346,25.007,12.973,12.973,0.178,0.178,0.679,63.687,121.005,1.9,2.066,8.036,-27.75,25.48,15.53,0.6673,133.7071,36.7472,1.3799,0.3602,0.0697,0.0122,0.4421,0.0386,9.4017,9.4017,72.882,72.882,0.2877,0.0239,0.0045,0.0088,0.3892,0.0036,0.0271,0.0407,0.4163,10.2191,0.382
a_n_105_124,amb,no.inoc,105,124,8/13/22,5b,8/18/22,8/23/22,10/2/22,14.849,162.803,0.056,0.6,0.038,0.37,0.736,0,1.744,0,0.0345,NA,0.0331,0.009,0.0083,0.3943,NA,0.4023,0.3746,0.3752,0.3627,0.1619,3.63E-07,1.62E-07,3.63E-06,1.62E-06,0.0197,0.0088,0.022,0.0097,0.0317,2.2412,1.842,8.642,25.021,14.446,14.446,0.248,0.248,0.728,64.523,116.118,1.8,1.921,8.007,-27.4,30.96,0,0.6511,114.9238,37.713,1.303,0.3865,0.0709,0.0076,0.465,0.0423,11.08686429,11.08686429,58.25,58.25,0.2243,0.0231,0.0031,0.0066,0.2757,0,0,0.0328,0.2757,8.4119,0.291
a_n_140_125,amb,no.inoc,140,125,8/13/22,1t,8/19/22,8/23/22,10/2/22,19.616,194.776,0.075,0.638,0.057,0.509,0.626,0,1.83,0,0.0456,NA,0.0559,0.0145,0.0141,0.4186,NA,0.4385,0.3991,0.3991,1.3342,0.4123,1.33E-06,4.12E-07,1.33E-05,4.12E-06,0.0432,0.0134,0.0484,0.0147,0.0631,3.2363,3.085,14.445,26.5,20.238,20.238,0.47,0.47,0.784,84.238,153.307,1.82,2.789,10.236,-27.83,29.45,3.33,0.671,138.4769,38.2341,1.7446,0.3769,0.0699,0.0127,0.4595,0.0322,11.60022143,11.60022143,43.0596,43.0596,0.1579,0.0417,0.0072,0.0091,0.2498,0,0,0.058,0.2498,4.3105,0.305
a_n_140_126,amb,no.inoc,140,126,8/13/22,4t,8/19/22,8/23/22,10/2/22,16.974,279.683,0.064,1.076,0.057,0.608,0.927,0.014,2.682,0.015102481,0.0536,0.0576,0.0396,0.0155,0.0161,0.4343,0.448,0.4502,0.4161,0.3983,1.8656,0.5823,1.87E-06,5.82E-07,1.87E-05,5.82E-06,0.0628,0.0196,0.0703,0.0216,0.0919,3.2039,2.969,13.69,25.014,20.076,20.076,0.429,0.429,0.769,83.68,151.904,1.815,1.569,NA,-27.36,29.61,2.83,0.6492,112.974,37.7047,2.0191,0.3235,0.0598,0.015,0.3983,0.0273,9.9431,9.9431,46.7972,46.7972,0.1994,0.049,0.0098,0.0144,0.3857,0.0008,0.0063,0.074,0.392,5.2968,0.447
a_n_140_127,amb,no.inoc,140,127,8/13/22,4b,8/18/22,8/23/22,10/2/22,11.647,151.948,0.043,0.626,0.035,0.389,0.799,0,1.849,0,0.0382,NA,0.0233,0.0093,0.0088,0.4124,NA,0.4139,0.396,0.3978,0.9757,0.3644,9.76E-07,3.64E-07,9.76E-06,3.64E-06,0.0325,0.0121,0.0363,0.0134,0.0497,2.6777,3.006,10.345,25.017,10.056,10.056,0.17,0.17,0.736,49.121,91.994,1.873,2.568,6.414,-27.57,30.39,0.4,0.659,123.645,36.9194,1.4107,0.2718,0.0519,0.014,0.3376,0.038,7.128428571,7.128428571,59.1529,59.1529,0.2307,0.0176,0.0034,0.0075,0.3164,0,0,0.0285,0.3164,11.1012,0.308
a_n_140_128,amb,no.inoc,140,128,8/13/22,2t,8/19/22,8/23/22,10/2/22,16.34,202.522,0.057,0.643,0.038,0.393,0.535,0.014,1.623,0.026168224,0.0497,0.0615,0.0363,0.0142,0.0165,0.4245,0.4412,0.4321,0.4281,0.3859,1.3422,0.62,1.34E-06,6.20E-07,1.34E-05,6.20E-06,0.0438,0.0202,0.049,0.0223,0.0713,2.1648,3.066,10.836,25.018,15.356,15.356,0.272,0.272,0.73,68.896,131.457,1.908,2.172,NA,-28.5,32.62,0,0.7022,187.1831,34.8837,1.7337,0.3102,0.0603,0.0149,0.3853,0.0285,8.85725,8.85725,56.4559,56.4559,0.2231,0.028,0.0065,0.0076,0.229,0.0009,0.0062,0.043,0.2352,5.4681,0.271
a_n_210_129,amb,no.inoc,210,129,8/13/22,1b,8/19/22,8/23/22,10/2/22,22.793,349.327,0.097,1.218,0.081,1.017,0.869,0,3.185,0,0.0463,NA,0.0363,0.0126,0.0153,0.4217,NA,0.4409,0.4255,0.3963,1.6395,0.463,1.64E-06,4.63E-07,1.64E-05,4.63E-06,0.0544,0.0154,0.0609,0.0169,0.0779,3.541,3.012,19.112,25.038,19.026,19.026,0.309,0.309,0.703,95.33,173.538,1.82,3.524,11.359,-27.91,33.31,0,0.6748,143.4429,42.5569,1.9704,0.3776,0.07,0.0144,0.4621,0.0331,9.655978571,9.655978571,61.5728,61.5728,0.2909,0.0525,0.0156,0.0109,0.3698,0,0,0.079,0.3698,4.6809,0.531
a_n_210_130,amb,no.inoc,210,130,8/13/22,6t,8/18/22,8/23/22,10/2/22,20.054,362.474,0.073,1.536,0.071,0.782,1.352,0,3.741,0,0.0479,NA,0.0422,0.0123,0.0121,0.4258,NA,0.42,0.4139,0.4048,1.829,0.5982,1.83E-06,5.98E-07,1.83E-05,5.98E-06,0.0609,0.0199,0.0681,0.0219,0.0901,3.0573,3.005,13.055,25.05,19.739,19.739,0.448,0.448,0.781,84.205,156.506,1.859,2.354,9.847,-26.58,31.33,1.76,0.6131,81.4362,36.4017,1.7426,0.3772,0.0714,0.0126,0.4612,0.0301,11.32765,11.32765,44.0603,44.0603,0.1929,0.0717,0.0094,0.0166,0.5596,0,0,0.0977,0.5596,5.729,0.624
a_n_210_131,amb,no.inoc,210,131,8/13/22,2b,8/18/22,8/23/22,10/2/22,29.575,372.895,0.131,1.327,0.088,0.958,1.053,0,3.426,0,0.0497,NA,0.0426,0.0168,0.0186,0.442,NA,0.4508,0.4402,0.3973,2.4777,0.6966,2.48E-06,6.97E-07,2.48E-05,6.97E-06,0.0822,0.0231,0.092,0.0255,0.1175,3.5568,3.013,21.577,25.057,19.145,19.145,0.289,0.289,0.692,90.791,166.558,1.835,2.282,11.047,-26.51,30.49,4.27,0.6099,79.1181,44.2942,2.2019,0.3218,0.0602,0.0211,0.4031,0.0313,8.694907143,8.694907143,66.2457,66.2457,0.281,0.0674,0.0178,0.0176,0.4635,0,0,0.1029,0.4635,4.5051,0.571
a_n_210_132,amb,no.inoc,210,132,8/13/22,4b,8/18/22,8/23/22,10/2/22,17.256,283.206,0.073,1.098,0.1,0.594,1.354,0,3.146,0,0.0449,NA,0.0334,0.0117,0.0114,0.4279,NA,0.4396,0.4056,0.4024,2.0034,0.6175,2.00E-06,6.18E-07,2.00E-05,6.18E-06,0.0652,0.0201,0.073,0.0222,0.0952,3.2442,3.071,21.359,25.025,17.048,17.048,0.328,0.328,0.751,78.822,144.323,1.831,2.936,9.468,-27.74,32.55,0,0.6669,133.1242,42.3041,1.8982,0.3241,0.0605,0.0165,0.401,0.0341,8.981207143,8.981207143,51.9756,51.9756,0.2307,0.0445,0.0068,0.0158,0.5492,0,0,0.0671,0.5492,8.1901,0.524
a_n_280_133,amb,no.inoc,280,133,8/13/22,1b,8/18/22,8/23/22,10/2/22,24.237,587.643,0.106,2.508,0.111,1.467,2.568,0,6.654,0,0.0462,NA,0.0319,0.0169,0.0168,0.4347,NA,0.4312,0.4467,0.3936,2.8423,0.8236,2.84E-06,8.24E-07,2.84E-05,8.24E-06,0.0923,0.0267,0.1033,0.0295,0.1327,3.4511,3.08,24.936,24.993,13.852,13.852,0.158,0.158,0.594,84.932,132.193,1.556,3.924,NA,-26.22,25.49,0,0.5965,70.2445,43.7348,2.0184,0.3284,0.0521,0.0235,0.404,0.0336,6.863,6.863,87.6709,87.6709,0.4008,0.09,0.0246,0.0434,1.1472,0,0,0.158,1.1472,7.2606,1.109
a_n_280_134,amb,no.inoc,280,134,8/13/22,1t,8/19/22,8/23/22,10/2/22,30.226,499.882,0.137,2.273,0.127,1.207,1.831,0,5.438,0,0.052,NA,0.0673,0.0183,0.0177,0.4473,NA,0.4408,0.4311,0.4116,3.2491,0.83,3.25E-06,8.30E-07,3.25E-05,8.30E-06,0.1,0.0256,0.112,0.0282,0.1401,3.9147,3.248,26.218,27.691,19.609,19.609,0.212,0.212,0.589,113.095,180.111,1.593,3.454,11.845,-26.49,23.95,2.68,0.6089,78.4689,45.3252,2.3565,0.3746,0.0608,0.0202,0.4556,0.0302,8.321385714,8.321385714,92.4953,92.4953,0.3977,0.1667,0.0213,0.0335,0.7893,0,0,0.2216,0.7893,3.5626,0.906
a_n_280_135,amb,no.inoc,280,135,8/13/22,6b,8/18/22,8/23/22,10/2/22,29.923,527.492,0.13,2.167,0.112,1.565,2.015,0.101,5.96,0.050124069,0.0472,0.0555,0.0298,0.0146,0.0141,0.4357,0.4484,0.4298,0.439,0.4004,2.7936,0.6814,2.79E-06,6.81E-07,2.79E-05,6.81E-06,0.0928,0.0226,0.1039,0.0249,0.1288,4.1,3.01,24.889,25.046,19.372,19.372,0.298,0.298,0.69,93.844,154.607,1.647,2.778,9.827,-26.58,25.69,0,0.6131,81.4362,43.4448,2.0489,0.3575,0.06,0.0221,0.4396,0.0328,9.455021429,9.455021429,65.0067,65.0067,0.2852,0.0761,0.0221,0.0295,0.8846,0.0056,0.0453,0.1332,0.9299,6.98,0.993
a_n_280_136,amb,no.inoc,280,136,8/13/22,3t,8/19/22,8/23/22,10/2/22,30.4,425.559,0.114,1.715,0.105,0.817,1.244,0,3.881,0,0.0621,NA,0.0364,0.015,0.0181,0.4304,NA,0.439,0.4234,0.3962,3.3409,0.7763,3.34E-06,7.76E-07,3.34E-05,7.76E-06,0.1159,0.0269,0.1297,0.0297,0.1594,4.3035,2.882,24.507,25.034,25.978,25.978,0.477,0.477,0.728,114.362,215.672,1.886,1.608,13.572,-26.89,24.52,0.51,0.6275,92.6291,37.5,2.3295,0.3832,0.0736,0.0218,0.4786,0.0235,11.15175,11.15175,54.4612,54.4612,0.2536,0.0761,0.0148,0.0186,0.5267,0,0,0.1094,0.5267,4.8128,0.647
a_n_350_137,amb,no.inoc,350,137,8/13/22,2t,8/18/22,8/23/22,10/2/22,28.579,580.481,0.128,2.733,0.106,1.616,2.691,0,7.146,0,0.0491,NA,0.0348,0.0138,0.0161,0.44,NA,0.4566,0.4373,0.4017,3.9334,1.0355,3.93E-06,1.04E-06,3.93E-05,1.04E-05,0.1288,0.0339,0.1441,0.0374,0.1815,3.7986,3.054,23.208,25.016,12.624,12.624,0.138,0.138,0.589,71.682,124.227,1.733,2.566,NA,-26.29,21.33,0,0.5997,72.284,44.7881,2.1978,0.2546,0.045,0.0294,0.329,0.0319,5.74405,5.74405,91.4783,91.4783,0.3768,0.1067,0.026,0.0371,1.1768,0,0,0.1699,1.1768,6.9277,1.191
a_n_350_138,amb,no.inoc,350,138,8/13/22,6b,8/19/22,8/23/22,10/2/22,26.037,537.062,0.118,2.456,0.1,1.845,2.931,0,7.332,0,0.047,NA,0.0377,0.0162,0.0139,0.4398,NA,0.442,0.4361,0.3959,3.4967,0.8173,3.50E-06,8.17E-07,3.50E-05,8.17E-06,0.1141,0.0267,0.1277,0.0294,0.1571,4.2781,3.064,23.051,25.008,16.955,16.955,0.176,0.176,0.579,103.3,166.181,1.609,3.67,9.376,-25.11,21.15,0,0.5452,44.8538,45.3201,2.1314,0.3783,0.062,0.028,0.4683,0.0334,7.954842857,7.954842857,96.3352,96.3352,0.4198,0.1029,0.0256,0.0474,1.2782,0,0,0.1759,1.2782,7.2643,1.222
a_n_350_139,amb,no.inoc,350,139,8/13/22,4t,8/19/22,8/23/22,10/2/22,27.314,355.25,0.113,1.533,0.111,0.73,1.287,0,3.661,0,0.062,NA,0.046,0.0226,0.0213,0.4359,NA,0.4492,0.4196,0.4081,3.7861,0.8954,3.79E-06,8.95E-07,3.79E-05,8.95E-06,0.1259,0.0298,0.1409,0.0328,0.1737,4.2285,3.008,25.248,25.033,27.442,27.442,0.5,0.5,0.725,125.416,220.709,1.76,2.428,12.586,-26.46,18.88,8.31,0.6076,77.506,41.3707,2.5646,0.3817,0.0684,0.0232,0.4733,0.0245,10.70042143,10.70042143,54.884,54.884,0.2683,0.0845,0.0156,0.0292,0.54,0,0,0.1292,0.54,4.1803,0.61
a_n_350_140,amb,no.inoc,350,140,8/13/22,3t,8/19/22,8/23/22,10/2/22,29.484,438.779,0.124,1.793,0.119,1.023,1.532,0,4.467,0,0.0611,NA,0.0422,0.0188,0.0191,0.4354,NA,0.4465,0.4179,0.3961,3.6522,0.9061,3.65E-06,9.06E-07,3.65E-05,9.06E-06,0.1214,0.0301,0.1358,0.0332,0.169,4.0305,3.009,23.556,25.019,25.814,25.814,0.367,0.367,0.659,123.621,210.819,1.705,1.697,13.1,-27.43,21.57,0,0.6525,116.411,42.0567,2.5692,0.3755,0.0653,0.0199,0.4607,0.025,10.04731429,10.04731429,70.3379,70.3379,0.3146,0.0905,0.0196,0.0288,0.6403,0,0,0.1388,0.6403,4.6113,0.745
a_n_630_141,amb,no.inoc,630,141,8/13/22,2b,8/18/22,8/23/22,10/2/22,32.027,493.125,0.164,2.287,0.118,1.13,2.059,0,5.594,0,0.0576,NA,0.0492,0.0266,0.0268,0.4399,NA,0.4487,0.39,0.3868,3.789,0.9009,3.79E-06,9.01E-07,3.79E-05,9.01E-06,0.1265,0.0301,0.1415,0.0331,0.1747,4.2056,2.996,22.862,25.014,13.158,13.158,0.12,0.12,0.528,93.055,151.057,1.623,4.357,9.159,-26.19,13.9,0,0.5951,69.3893,51.2068,2.9516,0.2461,0.0407,0.0214,0.3081,0.0286,4.457978571,4.457978571,109.65,109.65,0.4793,0.1288,0.0303,0.0548,0.803,0,0,0.2139,0.803,3.7535,0.932
a_n_630_142,amb,no.inoc,630,142,8/13/22,4b,8/18/22,8/23/22,10/2/22,31.753,649.143,0.151,3.54,0.11,1.863,3.343,0,8.856,0,0.0547,NA,0.0342,0.0227,0.0193,0.4401,NA,0.4346,0.4133,0.4082,3.9077,0.9377,3.91E-06,9.38E-07,3.91E-05,9.38E-06,0.1324,0.0318,0.1481,0.035,0.1832,4.1672,2.952,22.938,25.014,17.073,17.073,0.2,0.2,0.618,91.317,152.459,1.67,2.887,9.176,-25.87,12.67,2.13,0.5803,60.9241,47.5546,2.6022,0.2739,0.0466,0.0254,0.3459,0.0293,6.561021429,6.561021429,85.365,85.365,0.3481,0.1355,0.0359,0.076,1.3816,0,0,0.2474,1.3816,5.5842,1.476
a_n_630_143,amb,no.inoc,630,143,8/13/22,5b,8/18/22,8/23/22,10/2/22,30.362,474.828,0.124,2.422,0.139,0.986,1.938,0,5.485,0,0.063,NA,0.0505,0.0262,0.0239,0.4349,NA,0.4366,0.4081,0.4056,4.4094,0.964,4.41E-06,9.64E-07,4.41E-05,9.64E-06,0.1498,0.0328,0.1677,0.0361,0.2038,4.5743,2.943,28.333,25.04,24.494,24.494,0.485,0.485,0.747,106.934,191.661,1.792,2.161,11.539,-26.63,12.47,3.51,0.6154,83.137,40.8405,2.5721,0.3245,0.0593,0.024,0.4077,0.024,9.522821429,9.522821429,50.5031,50.5031,0.2319,0.1388,0.0235,0.0508,0.7909,0,0,0.2131,0.7909,3.711,0.914
a_n_630_144,amb,no.inoc,630,144,8/13/22,5t,8/18/22,8/23/22,10/2/22,30.25,712.313,0.135,3.669,0.27,2.1,2.745,0.006,8.79,0.002185792,0.0617,0.043,0.0456,0.0221,0.0216,0.4424,0.4585,0.4501,0.446,0.4056,5.6116,1.3521,5.61E-06,1.35E-06,5.61E-05,1.35E-05,0.187,0.0451,0.2093,0.0496,0.2589,4.1503,3.001,38.152,25.024,23.373,23.373,0.344,0.344,0.676,115.909,199.472,1.721,3.061,11.916,-26,12.88,0.69,0.5863,64.2235,44.6281,2.754,0.3285,0.0576,0.0216,0.4077,0.0253,8.486928571,8.486928571,67.9448,67.9448,0.3094,0.1923,0.0453,0.0607,1.2242,0.0003,0.0028,0.2986,1.227,4.1095,1.465